segment;kazalnik;2026;2027;2028;2029;2030;2031-2035;2036-2040;2041-2045;2046-2050
Stavbe javnega sektorja;needs;108;109;109;110;111;600;668;744;831
Stavbe javnega sektorja;leveraged;233;209;29;20;14;;;;
Stavbe javnega sektorja;grants;101;90;13;8;6;;;;
Stavbe javnega sektorja;private;132;119;17;11;8;;;;
Stavbe javnega sektorja;gap;124;101;-80;-90;-96;;;;
Stavbe zasebnega storitvenega sektorja;needs;190;191;192;194;195;1030;1129;1231;1296
Stavbe zasebnega storitvenega sektorja;leveraged;75;81;93;98;110;;;;
Stavbe zasebnega storitvenega sektorja;grants;18;18;20;18;20;;;;
Stavbe zasebnega storitvenega sektorja;private;57;63;73;80;90;;;;
Stavbe zasebnega storitvenega sektorja;gap;-115;-110;-99;-96;-86;;;;
Stanovanjske stavbe;needs;634;635;644;639;654;2561;2454;2213;2251
Stanovanjske stavbe;leveraged;410;501;470;494;554;;;;
Stanovanjske stavbe;grants;84;102;85;83;92;;;;
Stanovanjske stavbe;private;326;399;385;411;462;;;;
Stanovanjske stavbe;gap;-224;-134;-174;-145;-100;;;;
Energetska revščina;needs;11;26;41;46;49;78;;;
Energetska revščina;leveraged;13;33;46;49;48;78;;;
Energetska revščina;grants;13;33;46;49;48;78;;;
Energetska revščina;private;;;;;;;;;
Energetska revščina;gap;2;7;5;3;0;;;;
