kazalnik;enota;izhodišče;2030;2040;2050
Raba končne energije v stavbah;ktoe;1.149 (2023);976 (−15 %);852 (−26 %);792 (−31 %)
Raba primarne energije v stavbah, scenarij DU-OVE;ktoe;1.665 (2023);1.374 (−17 %);1.194 (−28 %);1.064 (−36 %)
Raba primarne energije pri nespremenjenih faktorjih primarne energije (učinek prenov in zamenjave energentov v stavbah);ktoe;1.665 (2023);1.496 (−10 %);1.397 (−16 %);1.331 (−20 %)
Emisije TGP iz stavb (neposredne in posredne);kt CO₂ ekv;2.142 (2023);1.777 (−17 %);587 (−73 %);223 (−90 %)
Delež OVE v rabi energije v stavbah;%;52 (2023);61;73;77
Letna stopnja energetske prenove, celoten fond (povprečje obdobja);% površine na leto;–;2,2 (2020–2030);2,0 (2031–2040);2,0 (2041–2050)
Letno prenovljena površina: stanovanjske / javne / zasebne storitvene stavbe;mio m2 na leto;–;1,52 / 0,29 / 0,26;1,20 / 0,38 / 0,50;1,14 / 0,47 / 0,69
Povprečna raba primarne energije stanovanjskega fonda (člen 9(2) EPBD, fiksni faktorji);kWh/(m2·a);269 (2020);217 (−19 %, EPBD ≥ −16 %);180 (−33 %);164 (−39 %)
Prenovljen delež 43 % najmanj učinkovitih stanovanjskih stavb (23,8 mio m2);% skupine;0 (2020);23;65;100
Nestanovanjske stavbe: minimalni standardi energetske učinkovitosti (člen 9(1) EPBD);prag;–;16 % stavb (2030), 26 % stavb (2033);meja razredov D│E;meja razredov B│C
Raba fosilnih goriv v stavbah glede na leto 2020: tekoča goriva / fosilni plin;%;100 (2020);–;14 / 32;0 / 0
Energetsko revna gospodinjstva;% gospodinjstev;7,3 (2024);≤ 3,8–4,6;≤ 2,5;≤ 1,5
Investicijske potrebe za energetsko prenovo;mrd €;–;4,07 (2026–2030);≈ 19 (2026–2050);
Nepokrite investicijske potrebe ob obstoječih virih;mrd €;–;1,17 (2026–2030);–;–
Nižji stroški energije uporabnikov / podprta delovna mesta;mio € na leto / tisoč na leto;–;162–242 / 12–14,5;–;–
