datum;okvirno;naslov;opis;vrsta;status;koga zadeva;segment;vir
1. 1. 2023;;Prepoved kotlov na kurilno olje in premog;Prepoved projektiranja, vgradnje in prodaje kotlov na kurilno olje in premog v vseh stavbah ter kotlov na fosilna goriva v novih eno- in dvostanovanjskih stavbah.;obveznost;veljavno;lastniki hiš, lastniki stanovanj in upravniki, občine in javni sektor, podjetja in storitveni sektor, projektanti in izdelovalci izkaznic;vse stavbe;"ZSROVE (od 1. 1. 2023); M19.17"
28. 5. 2024;;Začne veljati prenovljena EPBD;Direktiva (EU) 2024/1275 o energetski učinkovitosti stavb začne veljati. Določa nacionalne načrte prenove stavb, minimalne standarde in brezemisijske stavbe.;postopek;veljavno;država;vse stavbe;EPBD 2024/1275, člen 38
1. 1. 2025;;Brez spodbud za fosilne kotle, brez plinskih kotlov v novih stanovanjskih stavbah;Konec finančnih spodbud za samostojne kotle na fosilna goriva. Prepoved kotlov na zemeljski plin in UNP v stanovanjskih stavbah z vlogo za gradbeno dovoljenje od 1. 1. 2025.;obveznost;veljavno;lastniki hiš, lastniki stanovanj in upravniki, projektanti in izdelovalci izkaznic;stanovanjske stavbe;"EPBD člen 17(15); EZ-2"
december 2025;;Prvi osnutek NPS 2050 predložen Evropski komisiji;Slovenija je Evropski komisiji predložila prvi osnutek nacionalnega načrta prenove stavb.;postopek;veljavno;država;vse stavbe;"EPBD člen 3(1); osnutek, pogl. 9"
29. 5. 2026;;Rok za prenos EPBD v slovenske predpise;Do tega dne mora Slovenija prenesti večino določb EPBD v zakonodajo (ZURE-1, gradbeni predpisi).;obveznost;veljavno;država;vse stavbe;EPBD člen 35
oktober 2026;da;Javna obravnava osnutka NPS 2050;30-dnevna javna obravnava na portalu E-demokracija in spletni strani MzIE, s ciljnimi delavnicami po skupinah deležnikov.;postopek;predlagano;lastniki hiš, lastniki stanovanj in upravniki, občine in javni sektor, podjetja in storitveni sektor, projektanti in izdelovalci izkaznic, država;vse stavbe;"EPBD člen 3(4); osnutek, pogl. 9"
31. 12. 2026;;Končni NPS 2050 predložen Evropski komisiji;Rok za predložitev končnega nacionalnega načrta prenove stavb. Nato se načrt posodablja vsakih pet let.;postopek;veljavno;država;vse stavbe;EPBD člen 3(1)
31. 12. 2026;;Sončne elektrarne: nove javne in nestanovanjske stavbe nad 250 m²;Namestitev ustreznih sončnih elektrarn je obvezna, kjer je tehnično in ekonomsko izvedljivo.;obveznost;predlagano;občine in javni sektor, podjetja in storitveni sektor, projektanti in izdelovalci izkaznic;nestanovanjske stavbe;"EPBD člen 10(3)(a); osnutek, pogl. 4.5"
2026;;N13: Zaščitni ukrepi za ranljiva gospodinjstva pri prenovi najemnih stanovanj;Vključitev pomoči pri najemnini za ranljiva gospodinjstva v prenovljenih stanovanjih in spremljanja izselitev po prenovi v Akcijski načrt za zmanjševanje energetske revščine (čl. 17(17) EPBD);mejnik;predlagano;država;ER;"osnutek, pogl. 6, ukrep N13; nosilci: MzIE, MDDSZ"
2026, nato letno;;N14: Letni seznam najslabših javnih stavb (razred G in nad pragovi minimalnih standardov) s pre;Letna priprava in objava seznama iz energetskega knjigovodstva (M19.12), registra izkaznic in katastra, po upravljavcih. Prednostna uvrstitev teh stavb v akcijski načrt M20.5 in razpise M19.14;mejnik;predlagano;država;MEPS, GP;"osnutek, pogl. 6, ukrep N14; nosilci: MzIE, MJU, upravljavci stavb"
2026;;N16: Enotna metodologija za izpolnjevanje obveznosti prenove 3 % površine stavb javnih organov ;Priprava enotne metodologije po čl. 6 EED, vezane na seznam N14 in kazalnike iz poglavja 1.1, z letnim poročanjem po ministrstvih, javnih zavodih in občinah;mejnik;predlagano;država;MEPS, GP;"osnutek, pogl. 6, ukrep N16; nosilci: MzIE, MJU"
2026–2029;;N19: Prenos zahtev za sisteme za avtomatizacijo in nadzor stavb, indikator pripravljenosti na p;Prenos čl. 13(9)–(10), 14 in 15 EPBD v ZURE-1 in gradbene predpise. Uvedba prostovoljne ocene SRI najprej za javne stavbe. Povezava z registrom pregledov sistemov (poglavje 9);mejnik;predlagano;država;PTE;"osnutek, pogl. 6, ukrep N19; nosilci: MzIE"
1. 1. 2027;;Časovni načrt mejnih vrednosti GWP za nove stavbe;Objava in priglasitev časovnega načrta mejnih vrednosti potenciala globalnega segrevanja za nove stavbe po letu 2030.;mejnik;predlagano;projektanti in izdelovalci izkaznic, država;nove stavbe;"EPBD člen 7(5); N6"
31. 12. 2027;;Sončne elektrarne: obstoječe javne stavbe nad 2000 m²;Namestitev sončnih elektrarn na obstoječih javnih stavbah z uporabno površino nad 2000 m².;obveznost;predlagano;občine in javni sektor;javne stavbe;EPBD člen 10(3)(b)
31. 12. 2027;;Sončne elektrarne: obstoječe nestanovanjske stavbe nad 500 m² ob prenovi;Obveznost ob večji prenovi ali posegu, ki zahteva dovoljenje, za obstoječe nestanovanjske stavbe nad 500 m².;obveznost;predlagano;občine in javni sektor, podjetja in storitveni sektor, projektanti in izdelovalci izkaznic;nestanovanjske stavbe;EPBD člen 10(3)(c)
2027–2030;;N10: Podpora proizvodnji predizdelanih elementov in usposabljanju izvajalcev za montažo;Sofinanciranje proizvodnih linij za predizdelane lesene fasadne elemente in programov usposabljanja monterjev;mejnik;predlagano;država;TO;"osnutek, pogl. 6, ukrep N10; nosilci: MGTŠ (v okviru M3.3, M17.1)"
2027;;N11: Instrument za prenovo oddajanih stanovanj z omejitvijo zvišanja najemnine po prenovi;Vzpostavitev nepovratnih sredstev in ugodnih posojil za lastnike oddajanih stanovanj, pogojenih z registrirano najemno pogodbo, doseženim razredom po prenovi in omejitvijo zvišanja najemnine na del prihranka pri stroških energije (čl. 17(19) EPBD). Izhodišče M19.10;mejnik;predlagano;država;ER, TPS;"osnutek, pogl. 6, ukrep N11; nosilci: MSP, MzIE, Eko sklad"
2027;;N15: Dopolnitev Uredbe o zelenem javnem naročanju za stavbe;Dopolnitev uredbe z zahtevami: nove javne stavbe brezemisijske od 2028 (čl. 7 EPBD), celovite energetske prenove najmanj razred B ali −60 % primarne energije (čl. 17(16)), izračun GWP (N5), najem prostorov najmanj razred C (čl. 6(5) EED);mejnik;predlagano;država;MEPS, GP;"osnutek, pogl. 6, ukrep N15; nosilci: MzIE, MJU"
2027;;N17: Krožnost gradnje in prenove;Uvedba predrušitvenega pregleda in načrta ravnanja z odpadki za rušitve in celovite energetske prenove nad 500 m² po protokolu EU, z ločevanjem in evidenco tokov (beton, opeka, les, kovine, izolacija, azbest) v evidenci ARSO. Pogojevanje spodbud Eko sklada in meril zelenega javnega naročanja (N15) z;mejnik;predlagano;država;KG, DOD;"osnutek, pogl. 6, ukrep N17; nosilci: MzIE, MNVP, ARSO"
2027;;N18: Mreža točk »vse na enem mestu« in enotna digitalna platforma za prenovo stavb;Vzpostavitev mreže s tehničnim, upravnim in finančnim svetovanjem, pomočjo pri izkazu o prenovi, prijavah na spodbude in organizaciji prenov večlastniških stavb ter posebno obravnavo energetsko revnih gospodinjstev (povezava z N3 in N11). Digitalna platforma združi register izkaznic, kataster in spo;mejnik;predlagano;država;OSS, ER;"osnutek, pogl. 6, ukrep N18; nosilci: MzIE, Eko sklad (ENSVET), lokalne energetske agencije, regionalne razvojne agencije"
2027;;N1: Stopnjevanje spodbud glede na izhodiščni energijski razred;Dopolnitev meril javnih pozivov (Eko sklad, PEKP, Podnebni sklad) s stopnjevanimi deleži sofinanciranja in s pogojem primerjave energetskih izkaznic pred prenovo in po njej (čl. 17(14)(c) EPBD);mejnik;predlagano;država;TPS, GP;"osnutek, pogl. 6, ukrep N1; nosilci: MzIE, Eko sklad"
2027;;N20: Stavbe kulturne dediščine;Vgradnja stopnjevanih zahtev po kategorijah varstva v predpis o minimalnih standardih. Obravnava prenove ovoja, zamenjave ogrevalnega sistema in sončne elektrarne kot enega paketa z enim soglasjem ZVKDS. Uveljavitev smernic CRP V5-2358 z uredbo po ZVKD-1 in dopolnitev s katalogi združljivih ukrepov.;mejnik;predlagano;država;MEPS, GP;"osnutek, pogl. 6, ukrep N20; nosilci: MK, ZVKDS, MzIE, Eko sklad, MKRR"
2027–2035;;N2: Programi prenove območij večstanovanjskih stavb iz obdobja 1946–1980 (soseske, četrti) s s;Priprava in izvedba območnih programov prenove za ciljni fond 11.600 večstanovanjskih stavb z 9,7 mio m² uporabne površine (čl. 17(16) EPBD);mejnik;predlagano;država;TPS, GP;"osnutek, pogl. 6, ukrep N2; nosilci: MzIE, projektni pisarni (M19.16, M20.1), občine, upravniki"
2027;;N3: Aktivno obveščanje lastnikov stavb nad pragom energijske učinkovitosti (register energetsk;Identifikacija stavb nad pragom iz poglavij 4.7.1.1 in 4.7.2.1 ter pisno obvestilo lastnikom s ponudbo svetovanja (M19.8), informacijo o spodbudah in — za nestanovanjske stavbe — rokom po čl. 9(1) EPBD;mejnik;predlagano;država;TPS, MEPS;"osnutek, pogl. 6, ukrep N3; nosilci: MzIE, Eko sklad (ENSVET)"
2027;;N5: Nacionalna metodologija in podatkovna baza za izračun potenciala globalnega segrevanja (GW;Priprava metodologije po Prilogi III EPBD in SIST EN 15978, vzpostavitev nacionalne baze okoljskih deklaracij proizvodov (EPD) s privzetimi vrednostmi in nadgradnja programske opreme za izkaznice (M19.19);mejnik;predlagano;država;DOD, KG;"osnutek, pogl. 6, ukrep N5; nosilci: MzIE, MNVP, ZAG"
2027;;N7: Merila za nizkoogljične in obnovljive gradbene materiale ter vgrajeni les v spodbudah in j;Vključitev vgradnje lesa in materialov z EPD kot dodatnega merila v javne pozive za celovito energetsko prenovo in kot zahteve v zelenem javnem naročanju (N15). Poročanje shranjenega ogljika kot odvzema po čl. 7(6) EPBD;mejnik;predlagano;država;DOD, KG;"osnutek, pogl. 6, ukrep N7; nosilci: MzIE, MGTŠ"
2027–2029;;N8: Pilotni program serijske (industrializirane) prenove večstanovanjskih stavb s predizdelani;Izbor in prenova 10–20 tipskih stavb iz obdobja 1960–1980 s predizdelanimi elementi z vgrajenimi okni, prezračevanjem in fotonapetostnimi moduli. Merjenje stroškov, časa izvedbe in doseženih prihrankov. Financiranje iz Podnebnega sklada in PEKP;mejnik;predlagano;država;GP, OVE;"osnutek, pogl. 6, ukrep N8; nosilci: MzIE, projektna pisarna (M20.1)"
2027;da;Začetek trgovanja z emisijami za stavbe in promet (ETS2);Cena emisij za goriva za ogrevanje stavb. Prihodki se namenijo prenovi stavb in zamenjavi kotlov pri ranljivih gospodinjstvih. Začetek je odvisen od odločitve EU (možen zamik na leto 2028).;mejnik;veljavno;lastniki hiš, lastniki stanovanj in upravniki, občine in javni sektor, podjetja in storitveni sektor, država;vse stavbe;"Direktiva (EU) 2023/959; M19.17; osnutek, pogl. 6"
1. 1. 2028;;Emisije v življenjskem ciklu za večje nove stavbe;Za nove stavbe z uporabno površino nad 1000 m² se izračuna in razkrije potencial globalnega segrevanja v celotnem življenjskem ciklu.;obveznost;predlagano;občine in javni sektor, podjetja in storitveni sektor, projektanti in izdelovalci izkaznic;nove stavbe;"EPBD člen 7(2); N5"
1. 1. 2028;;Nove javne stavbe brezemisijske;Nove stavbe v lasti javnih organov morajo biti brezemisijske stavbe.;obveznost;predlagano;občine in javni sektor, projektanti in izdelovalci izkaznic;javne stavbe;"EPBD člen 7(1); N15"
31. 12. 2028;;Sončne elektrarne: obstoječe javne stavbe nad 750 m²;Razširitev obveznosti na obstoječe javne stavbe nad 750 m².;obveznost;predlagano;občine in javni sektor;javne stavbe;EPBD člen 10(3)(b)
2028;;N12: Ločeno spremljanje zasebnih najemnih stanovanj nad pragom 43 % in preučitev minimalnega en;Ločeno evidentiranje najemnih stanovanj nad pragom v registru izkaznic. Ob prenovi najemniške zakonodaje preučitev postopne uvedbe minimalnega razreda za oddajanje, povezane z N11;mejnik;predlagano;država;TPS, ER;"osnutek, pogl. 6, ukrep N12; nosilci: MSP, MzIE"
2028;da;Preverjanje izhodišča in prva posodobitev;"Izhodišče trajektorije se preveri z vzorcem energetskih izkaznic; načrt se po potrebi posodobi.";pregled;predlagano;država;stanovanjske stavbe;osnutek, povzetek
31. 12. 2029;;Sončne elektrarne: nove stanovanjske stavbe in pokrita parkirišča;Namestitev sončnih elektrarn na novih stanovanjskih stavbah in novih pokritih parkiriščih ob stavbah.;obveznost;predlagano;lastniki hiš, lastniki stanovanj in upravniki, projektanti in izdelovalci izkaznic;stanovanjske stavbe;"EPBD člen 10(3)(d), (e); osnutek, pogl. 4.5"
2029;;N9: Tipski projekti in katalog rešitev za najpogostejše tipologije stavb, uporabni brez indivi;Priprava tipskih projektov in tehničnih specifikacij na podlagi pilotov N8, vključno s postopkom digitalnega zajema geometrije stavbe;mejnik;predlagano;država;GP;"osnutek, pogl. 6, ukrep N9; nosilci: MzIE, ZAG"
1. 1. 2030;;Emisije v življenjskem ciklu za vse nove stavbe;Izračun in razkritje potenciala globalnega segrevanja v življenjskem ciklu za vse nove stavbe.;obveznost;predlagano;lastniki hiš, lastniki stanovanj in upravniki, občine in javni sektor, podjetja in storitveni sektor, projektanti in izdelovalci izkaznic;nove stavbe;"EPBD člen 7(2); N5"
1. 1. 2030;;Vse nove stavbe brezemisijske;Vse nove stavbe morajo biti brezemisijske stavbe.;obveznost;predlagano;lastniki hiš, lastniki stanovanj in upravniki, občine in javni sektor, podjetja in storitveni sektor, projektanti in izdelovalci izkaznic;vse stavbe;EPBD člen 7(1)
31. 12. 2030;;Osnutek posodobljenega NPS;Rok za osnutek prve petletne posodobitve načrta prenove stavb.;postopek;veljavno;država;vse stavbe;EPBD člen 3(1)
31. 12. 2030;;Sončne elektrarne: obstoječe javne stavbe nad 250 m²;Razširitev obveznosti na obstoječe javne stavbe nad 250 m².;obveznost;predlagano;občine in javni sektor;javne stavbe;EPBD člen 10(3)(b)
2030;;Brez plinskih kotlov v novih nestanovanjskih stavbah in pri celovitih prenovah;"Razširitev prepovedi vgradnje kotlov na zemeljski plin in UNP na nove nestanovanjske stavbe in celovite energetske prenove; na območjih daljinskega ogrevanja prehod na OVE ali daljinsko toploto.";obveznost;predlagano;lastniki stanovanj in upravniki, občine in javni sektor, podjetja in storitveni sektor, projektanti in izdelovalci izkaznic;vse stavbe;"EPBD člena 7, 8; M19.17; ZURE-1 (predlog)"
2030;;Energetska revščina: največ 3,8–4,6 % gospodinjstev;"Delež energetsko revnih gospodinjstev se zmanjša s 6,8 % (2025) na največ 3,8 do 4,6 %; 2,5 % do 2040 in 1,5 % do 2050.";cilj;predlagano;lastniki hiš, lastniki stanovanj in upravniki, država;stanovanjske stavbe;osnutek, pogl. 2.4 (preglednica 13)
2030;;Minimalni standardi: prvi prag za nestanovanjske stavbe;Vse nestanovanjske stavbe morajo doseči prag, nad katerim je 16 % najslabših stavb v svoji kategoriji (približno 6.600 stavb z 1,9 mio m²).;obveznost;predlagano;občine in javni sektor, podjetja in storitveni sektor;nestanovanjske stavbe;"EPBD člen 9(1); osnutek, pogl. 4.7.2"
2030;;Najslabše stanovanjske stavbe: 23 % prenovljenih;Kumulativni delež prenovljene površine skupine 43 % energetsko najmanj učinkovitih stanovanjskih stavb (23.8 mio m²).;cilj;predlagano;lastniki hiš, lastniki stanovanj in upravniki, država;stanovanjske stavbe;"EPBD člen 9(2); osnutek, pogl. 4.7.1"
2030;;Trajektorija stanovanjskih stavb: 217 kWh/(m²·a);Povprečna raba primarne energije stanovanjskega fonda (fiksni faktorji) se zmanjša na 217 kWh/(m²·a), 19 % manj kot leta 2020. Najvišja vrednost po EPBD: 226 kWh/(m²·a).;cilj;predlagano;lastniki hiš, lastniki stanovanj in upravniki, država;stanovanjske stavbe;"EPBD člen 9(2); osnutek, pogl. 4.7.1"
31. 12. 2031;;Posodobljeni NPS predložen EK;Rok za končno različico prve petletne posodobitve načrta.;postopek;veljavno;država;vse stavbe;EPBD člen 3(1)
2033;;Dajatve na CO₂ in trošarine za goriva za ogrevanje;Postopno zviševanje dajatve na CO₂ in trošarin za kurilno olje, UNP in zemeljski plin do ravni, ki izenači stroške z OVE.;mejnik;predlagano;lastniki hiš, lastniki stanovanj in upravniki, občine in javni sektor, podjetja in storitveni sektor, država;vse stavbe;M19.18
2033;;Minimalni standardi: drugi prag za nestanovanjske stavbe;Prag, nad katerim je 26 % najslabših stavb v kategoriji (približno 10.800 stavb s 3,4 mio m²).;obveznost;predlagano;občine in javni sektor, podjetja in storitveni sektor;nestanovanjske stavbe;"EPBD člen 9(1); osnutek, pogl. 4.7.2"
2035;;Najslabše stanovanjske stavbe: 46 % prenovljenih;Kumulativni delež prenovljene površine skupine 43 % energetsko najmanj učinkovitih stanovanjskih stavb (23.8 mio m²).;cilj;predlagano;lastniki hiš, lastniki stanovanj in upravniki, država;stanovanjske stavbe;"EPBD člen 9(2); osnutek, pogl. 4.7.1"
2035;;Pregled opuščanja kotlov na kurilno olje;Pregled napredka in odločitev o obvezni zamenjavi kotlov na kurilno olje, starejših od 20 let, ob posodobitvi NEPN.;pregled;predlagano;lastniki hiš, lastniki stanovanj in upravniki, država;vse stavbe;"M19.17; posodobitev NEPN"
2035;;Trajektorija stanovanjskih stavb: 199 kWh/(m²·a);Povprečna raba primarne energije stanovanjskega fonda (fiksni faktorji) se zmanjša na 199 kWh/(m²·a), 26 % manj kot leta 2020. Najvišja vrednost po EPBD: 210–215 kWh/(m²·a).;cilj;predlagano;lastniki hiš, lastniki stanovanj in upravniki, država;stanovanjske stavbe;"EPBD člen 9(2); osnutek, pogl. 4.7.1"
2040;;Minimalni standardi: razred D;"Predlagani prag za nestanovanjske stavbe na meji razredov D|E; za registrirano dediščino prav tako najmanj D.";obveznost;predlagano;občine in javni sektor, podjetja in storitveni sektor;nestanovanjske stavbe;"osnutek, pogl. 4.7.2 in 4.7.2.2; N20"
2040;;Najslabše stanovanjske stavbe: 65 % prenovljenih;Kumulativni delež prenovljene površine skupine 43 % energetsko najmanj učinkovitih stanovanjskih stavb (23.8 mio m²).;cilj;predlagano;lastniki hiš, lastniki stanovanj in upravniki, država;stanovanjske stavbe;"EPBD člen 9(2); osnutek, pogl. 4.7.1"
2040;;Opustitev kotlov na fosilna goriva;"Preostali kotli na fosilna goriva se opustijo; plinski sistemi postopoma na obnovljive pline. Popolna opustitev fosilnih goriv v stavbah do 2050.";cilj;predlagano;lastniki hiš, lastniki stanovanj in upravniki, občine in javni sektor, podjetja in storitveni sektor, država;vse stavbe;"EPBD člen 17(15) (okvirno); NEPN 2024; M19.17"
2040;;Trajektorija stanovanjskih stavb: 180 kWh/(m²·a);Povprečna raba primarne energije stanovanjskega fonda (fiksni faktorji) se zmanjša na 180 kWh/(m²·a), 33 % manj kot leta 2020.;cilj;predlagano;lastniki hiš, lastniki stanovanj in upravniki, država;stanovanjske stavbe;"EPBD člen 9(2); osnutek, pogl. 4.7.1"
2045;;Najslabše stanovanjske stavbe: 83 % prenovljenih;Kumulativni delež prenovljene površine skupine 43 % energetsko najmanj učinkovitih stanovanjskih stavb (23.8 mio m²).;cilj;predlagano;lastniki hiš, lastniki stanovanj in upravniki, država;stanovanjske stavbe;"EPBD člen 9(2); osnutek, pogl. 4.7.1"
2045;;Trajektorija stanovanjskih stavb: 172 kWh/(m²·a);Povprečna raba primarne energije stanovanjskega fonda (fiksni faktorji) se zmanjša na 172 kWh/(m²·a), 36 % manj kot leta 2020.;cilj;predlagano;lastniki hiš, lastniki stanovanj in upravniki, država;stanovanjske stavbe;"EPBD člen 9(2); osnutek, pogl. 4.7.1"
2050;;Brezemisijski stavbni fond;"Vse stavbe so brezemisijske (razred A); stavbe kulturne dediščine najmanj razred C.";cilj;predlagano;lastniki hiš, lastniki stanovanj in upravniki, občine in javni sektor, podjetja in storitveni sektor, država;vse stavbe;"EPBD člen 1; osnutek, povzetek"
2050;;Minimalni standardi: razred B (dediščina C);"Predlagani prag za nestanovanjske stavbe na meji razredov B|C; za registrirano stavbno in naselbinsko dediščino najmanj razred C.";obveznost;predlagano;občine in javni sektor, podjetja in storitveni sektor;nestanovanjske stavbe;"osnutek, pogl. 4.7.2 in 4.7.2.2; N20"
2050;;Najslabše stanovanjske stavbe: 100 % prenovljenih;Kumulativni delež prenovljene površine skupine 43 % energetsko najmanj učinkovitih stanovanjskih stavb (23.8 mio m²).;cilj;predlagano;lastniki hiš, lastniki stanovanj in upravniki, država;stanovanjske stavbe;"EPBD člen 9(2); osnutek, pogl. 4.7.1"
2050;;Trajektorija stanovanjskih stavb: 164 kWh/(m²·a);Povprečna raba primarne energije stanovanjskega fonda (fiksni faktorji) se zmanjša na 164 kWh/(m²·a), 39 % manj kot leta 2020.;cilj;predlagano;lastniki hiš, lastniki stanovanj in upravniki, država;stanovanjske stavbe;"EPBD člen 9(2); osnutek, pogl. 4.7.1"
1. 1. 2027 (načrt), 2028 (izhodišča);;N6: Časovni načrt mejnih vrednosti GWP za nove stavbe po letu 2030 z izhodiščnimi vrednostmi p;Objava in priglasitev časovnega načrta po čl. 7(5) EPBD. Določitev izhodišča na vzorcu najmanj 30 novih stavb z gradbenim dovoljenjem v letih 2026–2027 po metodologiji N5;mejnik;predlagano;država;DOD;"osnutek, pogl. 6, ukrep N6; nosilci: MzIE, MNVP"
vsako leto;da;N4: Kazalnik spremljanja ciljanosti prenov;Uvedba kazalnika v sistem spremljanja iz poglavja 2 in letno poročanje skupaj s kazalniki stopnje prenove;mejnik;predlagano;država;TPS;"osnutek, pogl. 6, ukrep N4; nosilci: MzIE"
vsako leto;;Poročanje kazalnikov NPS 2050;Napredek se spremlja s kazalniki iz načrta in poroča EK v nacionalnih poročilih o napredku.;pregled;predlagano;država;vse stavbe;"EPBD člen 3(9); osnutek, pogl. 1"
vsako leto;;Prenova 3 % površine stavb javnega sektorja;"Letna obveznost prenove stavb v lasti javnih organov po EED; v NPS z enotno metodologijo (N16) in seznamom najslabših stavb (N14).";obveznost;veljavno;občine in javni sektor;javne stavbe;"EED člen 6; ZURE; N14, N16"
