občina;šifra;stavbe;površina [tisoč m²];stanovanjska površina z izkaznico [%];hiše z izkaznico [%];stanovanjske stavbe z izkaznico nad pragom 43 % [%];stanovanjske stavbe z ukrepom Eko sklada [%];stanovanjske stavbe z vpisano obnovo v katastru [%];stanovanjska površina pred 1981 [%]
Ajdovščina;1;6493;994,9;14,6;4,3;49,2;19,8;53,4;57,0
Ankaran;213;873;196,7;36,2;7,4;40,4;19,0;44,2;41,6
Apače;195;1427;165,8;9,9;3,7;45,0;21,5;44,2;48,4
Beltinci;2;2886;356,6;8,9;6,9;40,4;25,6;45,2;56,6
Benedikt;148;923;122,7;15,8;4,6;37,0;19,5;38,4;31,2
Bistrica ob Sotli;149;648;65,5;6,2;3,0;63,6;12,0;47,7;65,8
Bled;3;2920;577,7;17,4;5,3;44,7;23,1;52,5;63,6
Bloke;150;804;93,6;8,6;5,1;48,7;18,9;57,7;55,9
Bohinj;4;2761;375,1;16,0;3,8;50,4;18,2;60,5;66,4
Borovnica;5;1116;174,2;22,2;5,7;41,0;30,3;51,1;55,7
Bovec;6;2024;273,9;15,4;4,3;54,6;11,5;59,2;63,4
Braslovče;151;2212;270,8;8,0;4,3;39,6;31,4;47,1;47,8
Brda;7;2304;322,2;4,7;3,4;64,7;18,9;54,5;62,9
Brezovica;8;4091;563,8;12,0;7,6;21,6;24,9;36,9;42,3
Brežice;9;9909;1362,8;14,9;5,8;44,5;20,8;51,1;58,0
Cankova;152;806;86,8;3,4;2,4;47,4;20,9;44,7;61,1
Celje;11;9831;2525,4;43,9;7,0;31,8;24,6;57,7;65,9
Cerklje na Gorenjskem;12;2701;449,5;7,7;4,3;32,1;26,3;39,0;44,8
Cerknica;13;3855;564,1;14,4;5,0;47,3;26,3;53,6;57,1
Cerkno;14;1832;236,8;7,4;2,7;64,7;20,4;57,3;62,8
Cerkvenjak;153;882;99,3;6,4;3,8;42,4;16,2;45,2;45,2
Cirkulane;196;1551;119,3;3,1;2,6;65,7;8,5;39,7;50,7
Destrnik;18;1109;111,6;5,7;4,5;34,1;15,4;44,2;41,7
Divača;19;1634;244,4;18,7;5,0;55,3;20,4;52,5;54,6
Dobje;154;415;41,4;1,4;1,5;20,0;17,5;49,4;57,5
Dobrepolje;20;1480;181,7;6,1;5,3;31,9;19,7;47,6;46,3
Dobrna;155;792;115,5;13,5;4,6;45,5;21,2;46,0;50,3
Dobrova-Polhov Gradec;21;2694;347,9;6,4;4,9;31,5;21,4;44,1;47,5
Dobrovnik;156;627;64,2;9,5;6,5;74,2;16,6;50,4;59,7
Dol pri Ljubljani;22;1877;277,1;16,2;6,4;11,0;23,9;36,7;35,5
Dolenjske Toplice;157;1517;190,6;8,3;4,9;52,2;20,5;52,1;54,7
Domžale;23;8656;1622,7;26,2;7,9;22,1;25,8;45,4;47,5
Dornava;24;1097;133,3;4,8;2,8;30,0;18,1;47,9;48,0
Dravograd;25;2560;420,7;18,7;5,6;43,4;29,6;55,7;56,1
Duplek;26;2521;313,0;10,4;6,3;37,8;21,3;46,3;44,9
Gorenja vas-Poljane;27;2569;347,3;5,1;2,4;44,4;24,6;43,5;50,6
Gorišnica;28;1464;189,3;7,3;2,9;26,2;20,8;49,2;49,8
Gorje;207;1048;131,2;9,6;4,8;67,3;23,7;55,2;69,9
Gornja Radgona;29;3023;448,9;21,5;5,4;41,9;23,6;47,3;53,4
Gornji Grad;30;935;127,8;10,2;4,4;57,5;24,4;60,8;65,5
Gornji Petrovci;31;1134;114,6;6,9;3,1;54,5;13,3;41,4;62,5
Grad;158;940;98,2;3,8;3,5;79,3;19,1;45,8;61,5
Grosuplje;32;5687;865,1;19,7;7,3;21,6;26,9;41,6;40,0
Hajdina;159;1451;180,5;10,7;7,1;22,7;26,4;51,6;50,2
Hodoš;161;155;19,0;2,0;3,1;66,7;14,4;50,8;60,5
Horjul;162;983;137,1;4,3;2,3;39,1;18,9;43,9;55,7
Hoče-Slivnica;160;4358;662,6;17,0;10,1;29,9;24,1;48,4;47,7
Hrastnik;34;2052;350,2;38,6;5,9;58,0;25,4;68,4;66,8
Hrpelje-Kozina;35;2135;307,7;16,9;6,0;40,8;16,8;56,6;53,4
Idrija;36;3212;581,8;25,4;3,8;63,2;23,5;63,1;66,5
Ig;37;2706;340,8;13,8;7,5;26,3;19,0;34,3;36,8
Ilirska Bistrica;38;5065;731,3;16,0;5,0;83,8;20,7;66,0;69,6
Ivančna Gorica;39;6394;763,4;9,9;5,3;30,7;21,0;34,5;44,6
Izola;40;3376;798,6;43,8;9,2;48,2;18,7;54,1;48,4
Jesenice;41;3148;812,1;45,7;6,5;43,9;29,1;62,8;75,2
Jezersko;163;348;45,4;11,8;4,3;53,8;17,1;49,3;65,9
Juršinci;42;1112;110,3;8,3;3,1;59,4;13,4;38,8;39,5
Kamnik;43;7067;1235,5;25,2;5,5;33,5;24,8;50,5;57,6
Kanal;44;2183;280,3;13,2;4,8;75,0;15,2;72,7;82,4
Kidričevo;45;2074;309,6;15,8;3,8;46,2;28,7;51,6;50,8
Kobarid;46;2072;237,9;7,8;4,5;54,5;17,9;67,3;78,0
Kobilje;47;240;26,8;10,0;3,2;40,0;13,4;47,8;54,2
Komen;49;1893;223,1;7,2;5,5;66,3;18,0;62,0;67,4
Komenda;164;1834;313,8;13,5;7,4;20,0;28,8;39,8;44,7
Koper;50;14529;2696,1;28,9;7,7;38,7;17,1;51,8;55,8
Kostanjevica na Krki;197;1066;123,3;4,8;3,0;56,0;18,0;46,9;55,4
Kostel;165;659;55,1;7,2;5,2;62,5;6,3;50,3;63,0
Kozje;51;1457;157,4;5,4;3,1;51,4;14,3;51,7;66,8
Kočevje;48;4414;704,1;24,6;7,7;66,2;29,3;54,6;61,9
Kranj;52;11281;2547,8;33,8;5,4;27,9;31,4;53,4;60,9
Kranjska Gora;53;2364;463,5;25,3;6,3;43,6;26,3;51,9;54,2
Križevci;166;1294;155,8;6,1;3,5;53,3;22,4;36,0;57,1
Krško;54;8775;1255,7;13,3;4,0;46,3;21,1;49,5;57,1
Kungota;55;1999;257,4;11,0;7,0;35,5;21,7;45,5;41,3
Kuzma;56;667;72,3;3,0;2,7;43,8;25,1;44,1;51,0
Laško;57;4750;599,8;14,2;4,1;47,9;18,3;58,4;60,1
Lenart;58;2720;445,9;17,9;7,0;45,2;23,5;47,0;39,4
Lendava;59;4420;558,4;14,2;6,5;62,9;17,1;45,6;63,2
Litija;60;4639;656,2;20,2;4,6;36,5;24,9;51,1;53,1
Ljubljana;61;42314;15960,4;56,3;10,8;27,4;23,2;60,8;61,6
Ljubno;62;1048;133,1;4,7;2,6;58,3;27,4;54,1;64,4
Ljutomer;63;4356;554,3;13,7;4,6;54,1;19,3;44,2;58,4
Log-Dragomer;208;1170;167,4;11,2;8,8;24,2;28,1;50,3;55,0
Logatec;64;3818;639,1;19,9;6,3;27,0;32,7;46,6;46,3
Lovrenc na Pohorju;167;1001;124,9;11,7;3,9;53,2;18,2;62,2;65,3
Loška dolina;65;1313;167,4;9,5;3,4;55,8;18,1;66,9;71,9
Loški Potok;66;846;97,8;6,4;3,8;75,9;16,8;63,2;65,7
Lukovica;68;1926;255,5;7,7;5,2;20,2;26,1;37,8;42,7
Luče;67;605;71,3;5,4;2,2;46,7;26,6;55,0;67,9
Majšperk;69;1778;183,1;7,5;3,2;52,7;15,3;46,8;48,8
Makole;198;996;90,3;4,5;2,9;63,3;11,0;42,6;50,4
Maribor;70;20626;6045,3;52,9;10,8;36,7;25,0;61,4;62,4
Markovci;168;1449;183,7;4,4;2,3;54,8;24,5;51,8;49,1
Medvode;71;4937;753,5;18,9;9,5;24,3;28,6;45,3;48,9
Mengeš;72;2051;379,4;23,7;6,1;31,0;29,6;47,2;48,2
Metlika;73;3179;403,3;9,4;3,6;60,7;19,8;50,4;60,1
Mežica;74;773;148,1;37,0;7,4;41,7;31,7;66,7;65,9
Miklavž na Dravskem polju;169;2329;312,0;13,0;9,6;28,1;27,9;53,0;49,2
Miren-Kostanjevica;75;1880;248,9;9,7;6,2;64,2;20,1;57,3;62,1
Mirna;212;1059;135,7;20,5;4,6;49,2;18,7;51,7;52,0
Mirna Peč;170;1282;144,5;4,3;4,2;58,7;21,2;44,4;41,5
Mislinja;76;1556;201,8;7,7;2,7;55,6;30,5;37,8;49,0
Mokronog-Trebelno;199;1441;156,2;7,1;4,6;57,6;12,9;51,0;52,4
Moravske Toplice;78;3269;430,2;10,5;5,4;41,8;18,4;39,5;50,0
Moravče;77;1850;236,4;8,3;4,9;35,7;21,4;40,8;44,7
Mozirje;79;1502;222,7;16,0;4,8;29,6;36,5;53,2;51,6
Murska Sobota;80;5435;1143,7;25,4;6,0;38,1;28,8;55,0;62,1
Muta;81;1017;154,7;15,7;5,3;40,3;28,0;47,6;48,2
Naklo;82;1662;267,5;6,0;4,3;35,8;30,6;47,0;55,3
Nazarje;83;854;131,0;13,0;3,4;56,2;31,8;57,2;59,2
Nova Gorica;84;8308;1711,7;30,1;5,4;45,5;20,1;59,7;65,5
Novo mesto;85;10134;1963,3;24,0;5,1;33,1;25,6;53,6;53,0
Odranci;86;547;78,3;3,2;2,8;41,7;27,5;46,8;59,4
Oplotnica;171;1453;164,7;3,7;1,3;52,6;22,7;44,0;49,9
Ormož;87;4933;581,2;9,4;4,0;37,0;16,0;50,9;54,3
Osilnica;88;253;27,1;7,1;2,6;57,1;2,6;57,7;72,8
Pesnica;89;2912;384,8;11,6;5,0;39,1;17,9;47,4;46,8
Piran;90;5434;1198,6;27,7;6,8;45,5;13,9;54,5;63,1
Pivka;91;2173;338,5;13,3;3,6;73,4;21,4;59,6;60,5
Podlehnik;172;1127;98,6;4,9;2,5;59,1;8,3;43,3;46,5
Podvelka;93;861;107,5;13,6;3,7;46,2;16,0;62,1;66,3
Podčetrtek;92;1895;243,6;10,2;4,1;52,8;15,2;42,8;54,8
Poljčane;200;1629;196,9;12,8;3,3;42,6;20,0;53,4;57,9
Polzela;173;2182;306,1;14,4;6,2;24,8;31,9;40,8;42,4
Postojna;94;3905;872,7;29,8;4,8;48,2;28,2;58,5;58,5
Prebold;174;1547;220,6;22,0;6,7;44,7;29,5;54,5;53,9
Preddvor;95;1311;183,9;11,3;5,8;36,2;27,1;39,9;47,6
Prevalje;175;1655;309,0;25,4;6,8;31,0;33,8;59,9;61,3
Ptuj;96;6893;1292,7;27,0;6,8;33,7;23,8;53,8;57,1
Puconci;97;2639;289,1;4,3;4,2;52,8;20,1;41,6;56,6
Radenci;100;1959;280,5;15,2;5,7;50,8;27,6;51,8;57,0
Radeče;99;1488;191,4;17,6;4,5;52,6;21,0;60,4;66,9
Radlje ob Dravi;101;1816;291,7;17,1;4,2;40,0;31,2;55,4;54,8
Radovljica;102;5182;933,3;21,5;5,2;41,6;28,8;49,5;58,7
Ravne na Koroškem;103;2262;526,6;42,3;6,7;25,8;33,2;58,2;57,8
Razkrižje;176;495;48,2;4,1;3,2;42,9;19,4;34,6;58,7
Rače-Fram;98;2972;395,0;16,0;11,6;17,7;24,7;42,3;40,4
Renče-Vogrsko;201;1554;207,0;6,0;4,4;54,4;22,5;54,7;61,5
Rečica ob Savinji;209;825;100,9;6,0;4,7;45,7;31,9;51,6;56,2
Ribnica;104;2975;448,0;13,6;3,0;61,1;28,3;50,6;58,2
Ribnica na Pohorju;177;503;62,7;9,0;3,4;71,4;16,5;57,1;60,6
Rogatec;107;1038;126,2;13,8;3,8;44,2;13,4;57,1;64,1
Rogaška Slatina;106;3800;602,7;12,8;3,7;36,5;19,7;48,4;56,0
Rogašovci;105;1287;149,2;5,2;3,1;56,8;19,9;47,6;54,5
Ruše;108;1950;326,8;29,4;7,1;41,3;25,0;55,9;54,4
Selnica ob Dravi;178;1610;204,9;9,5;4,9;54,7;20,3;56,0;55,2
Semič;109;1752;187,4;7,3;4,1;62,1;17,0;49,0;53,4
Sevnica;110;6738;817,5;12,3;3,8;46,1;17,5;50,2;54,1
Sežana;111;4594;802,1;21,1;5,0;37,7;21,4;50,6;57,6
Slovenj Gradec;112;4719;870,8;18,3;4,1;31,1;32,8;53,2;52,0
Slovenska Bistrica;113;9046;1232,8;15,8;5,8;31,2;24,0;44,4;47,4
Slovenske Konjice;114;4783;671,1;16,9;4,4;44,4;22,3;53,2;49,0
Sodražica;179;937;118,0;6,3;4,0;55,9;22,6;49,0;62,9
Solčava;180;270;41,2;7,8;3,3;50,0;20,4;57,4;58,7
Središče ob Dravi;202;789;89,7;7,4;4,5;57,6;11,5;56,9;64,4
Starše;115;1506;193,3;8,0;4,5;33,3;25,8;50,3;50,6
Straža;203;1314;163,8;11,1;5,9;48,7;20,7;54,5;57,4
Sveta Ana;181;894;116,0;10,8;4,3;25,7;16,8;46,1;40,5
Sveta Trojica v Slovenskih goricah;204;886;111,0;9,2;7,8;29,0;24,1;44,2;43,9
Sveti Andraž v Slov. goricah;182;450;48,2;1,3;1,4;60,0;16,2;39,6;45,9
Sveti Jurij ob Ščavnici;116;1356;133,6;4,2;3,9;59,1;17,0;39,1;50,3
Sveti Jurij v Slovenskih goricah;210;841;102,3;8,3;4,7;26,8;17,4;49,5;39,7
Sveti Tomaž;205;908;88,5;5,0;3,0;70,8;11,4;48,1;50,4
Tabor;184;695;78,5;5,1;5,0;40,0;26,7;43,8;45,4
Tišina;10;1436;166,3;4,7;3,7;55,8;31,2;48,9;61,7
Tolmin;128;4447;624,5;13,2;4,3;61,7;19,4;68,5;76,8
Trbovlje;129;2781;662,2;49,8;8,0;55,8;34,0;68,9;71,9
Trebnje;130;4845;632,4;12,1;4,9;37,4;18,5;45,1;42,3
Trnovska vas;185;527;54,3;3,3;2,8;30,8;18,2;45,1;38,2
Trzin;186;1200;265,2;22,9;7,8;10,0;24,1;46,9;40,5
Tržič;131;3551;596,7;22,3;4,6;39,1;29,0;50,1;64,7
Turnišče;132;1118;137,7;6,1;4,0;65,9;24,1;48,5;58,0
Velenje;133;5028;1371,3;42,6;6,0;36,5;32,1;56,3;59,1
Velika Polana;187;543;68,9;8,1;3,2;71,4;21,5;38,9;49,2
Velike Lašče;134;1988;219,6;6,2;4,9;50,0;17,2;47,0;49,3
Veržej;188;553;76,4;10,1;5,3;47,1;31,2;40,7;54,3
Videm;135;2656;242,6;5,7;3,3;40,7;13,7;41,7;47,2
Vipava;136;2048;330,3;10,3;3,8;64,8;19,6;52,9;62,4
Vitanje;137;792;93,4;9,8;2,5;34,6;25,1;52,9;52,6
Vodice;138;1662;239,7;7,5;5,8;21,5;25,8;34,7;39,0
Vojnik;139;3418;425,0;12,4;4,4;38,8;22,5;44,3;47,0
Vransko;189;975;129,9;12,8;4,2;40,0;21,3;53,9;53,5
Vrhnika;140;4660;758,2;25,7;8,5;25,6;25,9;44,5;50,0
Vuzenica;141;859;118,6;11,6;4,5;53,7;29,2;55,7;63,2
Zagorje ob Savi;142;4086;672,9;24,8;5,0;45,0;33,5;59,8;63,5
Zavrč;143;840;67,6;6,9;4,3;73,1;7,1;41,9;56,5
Zreče;144;2149;323,7;15,7;5,0;45,8;22,8;48,9;45,2
Črenšovci;15;1519;188,0;4,6;3,9;52,1;25,2;46,6;56,6
Črna na Koroškem;16;877;143,4;28,9;3,2;60,0;26,1;67,3;65,2
Črnomelj;17;5487;687,9;11,0;3,8;57,1;18,8;54,5;58,5
Šalovci;33;794;78,0;8,0;4,2;50,0;13,5;48,5;69,3
Šempeter-Vrtojba;183;1885;398,5;17,4;5,6;49,6;23,3;55,0;59,9
Šentilj;118;2924;411,4;16,4;8,3;41,9;17,3;51,8;48,8
Šentjernej;119;2673;327,3;9,1;4,7;49,2;18,8;46,5;49,5
Šentjur;120;7336;823,3;9,2;3,5;49,4;22,9;46,2;52,3
Šentrupert;211;1223;143,7;4,6;4,3;52,3;14,7;47,0;51,5
Šenčur;117;2600;424,6;9,1;4,1;19,8;31,0;45,7;47,9
Škocjan;121;1491;155,0;5,2;4,3;54,0;12,7;45,6;50,1
Škofja Loka;122;5501;1031,7;24,0;5,3;25,7;31,6;49,0;55,4
Škofljica;123;3154;494,8;17,9;8,8;21,1;24,9;35,8;30,5
Šmarje pri Jelšah;124;4221;473,4;9,9;3,4;39,9;20,0;46,5;57,7
Šmarješke Toplice;206;1530;174,7;11,2;5,7;45,6;19,5;48,4;40,8
Šmartno ob Paki;125;1194;144,0;10,2;4,7;40,7;35,1;50,0;48,4
Šmartno pri Litiji;194;1964;217,4;8,0;4,0;39,2;23,0;42,2;48,4
Šoštanj;126;2384;414,8;20,5;4,9;49,7;26,9;55,0;54,6
Štore;127;1169;166,0;23,7;4,2;37,0;25,9;53,9;58,3
Žalec;190;6768;1015,1;20,1;5,4;38,9;27,2;53,9;57,8
Železniki;146;1869;280,8;11,3;3,2;45,2;29,3;49,8;56,0
Žetale;191;605;53,7;1,7;1,4;50,0;13,0;47,3;44,9
Žiri;147;1564;233,4;9,3;3,7;50,0;24,7;50,7;58,3
Žirovnica;192;1485;211,2;7,0;4,2;32,4;31,3;46,5;58,1
Žužemberk;193;2223;231,8;5,1;3,4;48,6;10,7;52,2;54,3
