občina;šifra;prebivalci;končna energija vseh stavb [GWh];stanovanjske [GWh];nestanovanjske [GWh];končna energija na prebivalca [MWh];stanovanjske na prebivalca [MWh];emisije TGP [kt CO2 ekv];emisije na prebivalca [t];delež OVE [%];nestanovanjske [kWh/m²];nestanovanjska površina z izmerjeno rabo [%]
Ajdovščina;1;19977;117,5;95,4;22,1;5,88;4,78;16,9;0,85;58,6;113;26,9
Ankaran;213;3444;32,0;16,0;16,0;9,29;4,65;6,07;1,76;41,4;268;7,3
Apače;195;3562;21,1;18,0;3,1;5,92;5,06;2,81;0,79;62,8;143;32,0
Beltinci;2;8078;50,4;42,9;7,5;6,24;5,31;6,73;0,83;62,1;171;16,3
Benedikt;148;2727;14,1;12,5;1,7;5,19;4,58;1,94;0,71;61,0;134;46,2
Bistrica ob Sotli;149;1334;9,2;7,6;1,6;6,9;5,69;1,23;0,92;62,5;149;40,9
Bled;3;8103;95,0;48,9;46,1;11,73;6,03;16,92;2,09;43,8;262;16,8
Bloke;150;1563;12,2;10,1;2,1;7,84;6,46;1,66;1,06;61,4;174;7,5
Bohinj;4;5216;54,0;35,2;18,9;10,36;6,74;8,67;1,66;51,8;207;9,0
Borovnica;5;4688;21,6;18,9;2,7;4,6;4,03;3,07;0,65;60,4;148;21,3
Bovec;6;3052;36,8;23,4;13,4;12,05;7,66;6,0;1,97;50,8;173;11,5
Braslovče;151;5908;34,6;30,0;4,6;5,85;5,08;4,59;0,78;63,2;136;0,7
Brda;7;5564;44,7;35,7;9,0;8,03;6,42;6,26;1,13;59,5;170;13,6
Brezovica;8;13202;68,3;58,4;9,9;5,18;4,43;9,56;0,72;60,5;159;12,1
Brežice;9;24412;194,9;129,6;65,2;7,98;5,31;30,69;1,26;53,8;180;18,6
Cankova;152;1748;13,2;10,4;2,8;7,53;5,95;1,81;1,04;60,8;210;0,8
Celje;11;49802;333,3;187,6;145,7;6,69;3,77;58,21;1,17;46,8;168;31,8
Cerklje na Gorenjskem;12;8029;48,0;30,3;17,7;5,98;3,78;7,57;0,94;53,2;143;30,5
Cerknica;13;11899;71,6;57,8;13,8;6,02;4,86;10,18;0,86;59,8;145;6,4
Cerkno;14;4445;34,4;28,0;6,3;7,74;6,31;4,73;1,06;60,1;183;17,8
Cerkvenjak;153;2250;12,1;10,2;1,8;5,36;4,56;1,62;0,72;62,4;140;10,3
Cirkulane;196;2357;15,6;13,5;2,1;6,64;5,73;2,09;0,89;62,9;123;34,4
Destrnik;18;2737;14,0;12,4;1,5;5,1;4,54;1,85;0,68;63,0;139;53,7
Divača;19;4604;28,1;22,2;5,9;6,1;4,83;4,2;0,91;57,3;146;31,6
Dobje;154;965;6,1;5,1;1,0;6,36;5,33;0,8;0,83;63,5;187;0,0
Dobrepolje;20;3946;24,6;21,1;3,5;6,23;5,36;3,33;0,84;62,0;150;0,0
Dobrna;155;2347;19,9;9,9;10,0;8,48;4,2;3,4;1,45;46,3;320;0,0
Dobrova-Polhov Gradec;21;8068;44,5;39,4;5,1;5,52;4,88;5,88;0,73;63,2;133;22,5
Dobrovnik;156;1217;8,8;7,3;1,5;7,19;5,96;1,21;0,99;61,2;146;1,0
Dol pri Ljubljani;22;6438;32,0;27,4;4,6;4,97;4,26;4,51;0,7;60,0;127;0,5
Dolenjske Toplice;157;3666;28,7;18,6;10,1;7,84;5,08;4,44;1,21;53,6;274;10,4
Domžale;23;38326;200,3;161,0;39,3;5,23;4,2;31,47;0,82;54,1;151;11,2
Dornava;24;2915;19,4;15,1;4,3;6,66;5,18;2,87;0,98;57,5;181;53,3
Dravograd;25;8773;51,5;38,9;12,6;5,87;4,43;8,21;0,94;53,2;142;23,0
Duplek;26;7067;38,9;35,8;3,1;5,51;5,07;5,1;0,72;64,1;115;35,6
Gorenja vas-Poljane;27;7739;45,0;38,4;6,6;5,82;4,97;5,89;0,76;63,9;145;33,1
Gorišnica;28;4212;22,1;18,5;3,6;5,24;4,39;3,02;0,72;60,9;129;33,9
Gorje;207;2733;19,6;17,0;2,6;7,19;6,22;2,69;0,99;61,1;222;0,0
Gornja Radgona;29;8555;58,3;41,9;16,4;6,82;4,9;9,12;1,07;54,1;154;20,1
Gornji Grad;30;2534;18,2;15,4;2,7;7,18;6,1;2,35;0,93;63,2;169;25,7
Gornji Petrovci;31;1918;16,4;14,1;2,3;8,54;7,33;2,18;1,14;62,4;164;2,4
Grad;158;1953;13,9;11,8;2,1;7,14;6,04;1,83;0,94;62,9;159;31,2
Grosuplje;32;22276;102,8;86,4;16,4;4,61;3,88;16,17;0,73;55,0;137;34,4
Hajdina;159;4092;23,0;18,9;4,1;5,62;4,62;3,2;0,78;60,6;174;22,5
Hodoš;161;335;2,4;1,8;0,6;7,27;5,49;0,35;1,05;57,4;144;0,0
Horjul;162;3085;17,4;15,1;2,2;5,63;4,91;2,27;0,74;64,2;93;50,1
Hoče-Slivnica;160;12061;80,5;60,0;20,4;6,67;4,98;12,32;1,02;55,6;141;19,2
Hrastnik;34;8755;44,0;35,2;8,8;5,02;4,02;7,25;0,83;50,9;145;27,9
Hrpelje-Kozina;35;5451;35,9;25,8;10,1;6,58;4,74;5,38;0,99;55,9;159;15,2
Idrija;36;11482;72,5;53,4;19,1;6,31;4,65;11,28;0,98;53,2;145;34,9
Ig;37;7974;40,9;33,2;7,7;5,13;4,17;5,86;0,74;58,2;171;12,0
Ilirska Bistrica;38;13130;94,1;73,6;20,6;7,17;5,6;13,79;1,05;57,8;137;26,8
Ivančna Gorica;39;18272;96,5;79,6;17,0;5,28;4,35;13,57;0,74;60,4;150;3,3
Izola;40;16447;98,8;65,1;33,7;6,01;3,96;17,71;1,08;44,8;233;23,0
Jesenice;41;21769;92,8;64,8;28,0;4,26;2,97;17,67;0,81;42,5;144;27,1
Jezersko;163;679;6,9;4,4;2,5;10,1;6,42;1,12;1,65;50,5;251;0,0
Juršinci;42;2486;13,8;12,6;1,3;5,56;5,05;1,76;0,71;65,3;143;11,7
Kamnik;43;29830;161,7;124,7;37,0;5,42;4,18;26,15;0,88;51,8;166;6,5
Kanal;44;5047;37,4;32,8;4,6;7,42;6,51;5,14;1,02;60,5;127;26,6
Kidričevo;45;6606;36,0;28,6;7,4;5,45;4,33;4,4;0,67;66,7;122;23,0
Kobarid;46;3964;36,2;28,8;7,4;9,13;7,26;4,94;1,25;60,8;186;22,2
Kobilje;47;502;3,4;3,0;0,4;6,79;6,02;0,45;0,9;63,7;108;31,0
Komen;49;3476;29,7;25,0;4,7;8,53;7,19;4,09;1,18;60,1;162;20,4
Komenda;164;6800;36,0;27,4;8,6;5,29;4,03;5,45;0,8;56,2;136;13,1
Koper;50;54795;306,7;222,5;84,2;5,6;4,06;52,71;0,96;50,4;128;20,1
Kostanjevica na Krki;197;2424;16,1;13,0;3,1;6,63;5,37;2,26;0,93;59,9;120;48,8
Kostel;165;604;7,5;6,4;1,1;12,4;10,52;0,94;1,56;64,7;141;42,8
Kozje;51;2996;20,8;17,2;3,6;6,96;5,75;2,81;0,94;62,0;130;14,9
Kočevje;48;15595;87,4;67,6;19,8;5,6;4,34;10,01;0,64;69,1;135;33,5
Kranj;52;57491;317,4;212,0;105,3;5,52;3,69;57,18;0,99;45,8;170;39,7
Kranjska Gora;53;5143;62,4;36,2;26,2;12,13;7,03;10,75;2,09;46,5;216;9,6
Križevci;166;3531;21,1;17,7;3,4;5,98;5,01;2,95;0,84;60,3;168;0,0
Krško;54;26210;162,9;122,3;40,6;6,22;4,67;25,76;0,98;53,5;134;32,0
Kungota;55;5018;30,4;26,7;3,7;6,06;5,32;4,13;0,82;62,1;121;23,1
Kuzma;56;1663;9,8;8,2;1,6;5,88;4,93;1,33;0,8;61,2;180;0,0
Laško;57;13023;89,8;60,2;29,6;6,89;4,62;14,43;1,11;50,6;238;34,9
Lenart;58;8674;51,8;39,1;12,7;5,97;4,51;6,52;0,75;65,1;135;9,7
Lendava;59;10088;82,6;59,4;23,2;8,19;5,89;12,1;1,2;58,0;167;15,9
Litija;60;15890;79,2;66,7;12,5;4,98;4,2;12,1;0,76;56,6;123;32,2
Ljubljana;61;302826;1898,2;1014,3;883,8;6,27;3,35;383,43;1,27;37,7;162;38,6
Ljubno;62;2476;19,1;14,4;4,6;7,71;5,83;2,69;1,09;59,7;174;0,0
Ljutomer;63;10850;77,5;59,6;17,8;7,14;5,5;11,78;1,09;56,4;155;24,1
Log-Dragomer;208;3895;21,2;19,2;1,9;5,43;4,94;2,9;0,74;61,6;113;45,1
Logatec;64;15129;76,3;58,6;17,7;5,05;3,88;11,68;0,77;54,1;161;39,1
Lovrenc na Pohorju;167;2981;15,6;14,0;1,6;5,23;4,7;2,03;0,68;64,2;120;39,8
Loška dolina;65;3506;21,2;17,3;3,9;6,06;4,94;3,07;0,87;59,2;124;19,3
Loški Potok;66;1839;13,1;11,2;1,9;7,11;6,09;1,7;0,93;63,3;149;0,0
Lukovica;68;6193;35,5;27,4;8,1;5,73;4,43;5,12;0,83;60,7;248;36,4
Luče;67;1396;10,9;8,9;1,9;7,79;6,41;1,37;0,98;64,7;205;0,0
Majšperk;69;4009;23,9;20,5;3,4;5,96;5,12;3,19;0,8;63,0;138;40,0
Makole;198;2052;11,7;10,3;1,3;5,69;5,04;1,47;0,71;65,8;110;22,0
Maribor;70;114872;739,5;431,7;307,8;6,44;3,76;140,59;1,22;41,9;173;33,3
Markovci;168;4050;23,2;19,9;3,3;5,74;4,92;3,06;0,76;63,8;133;27,0
Medvode;71;17580;94,6;80,3;14,3;5,38;4,57;13,63;0,78;57,9;162;31,7
Mengeš;72;8812;42,8;35,1;7,7;4,85;3,98;6,44;0,73;56,6;114;3,7
Metlika;73;8552;55,0;45,0;10,0;6,43;5,26;6,55;0,77;67,7;124;33,1
Mežica;74;3536;18,1;15,0;3,1;5,11;4,23;3,12;0,88;49,1;150;7,0
Miklavž na Dravskem polju;169;7300;41,1;36,4;4,7;5,63;4,99;5,68;0,78;60,1;212;30,4
Miren-Kostanjevica;75;5069;31,6;26,5;5,1;6,23;5,23;4,32;0,85;61,0;152;23,4
Mirna;212;2895;15,7;12,9;2,8;5,41;4,45;2,11;0,73;62,5;144;31,6
Mirna Peč;170;3238;18,5;14,9;3,6;5,72;4,62;2,56;0,79;62,0;162;37,7
Mislinja;76;4489;24,5;20,1;4,5;5,46;4,47;3,39;0,75;60,9;125;19,5
Mokronog-Trebelno;199;3320;19,0;16,8;2,2;5,72;5,07;2,54;0,76;62,8;113;35,5
Moravske Toplice;78;5967;67,5;35,8;31,7;11,31;6,0;11,21;1,88;48,4;247;0,6
Moravče;77;5683;30,5;26,7;3,8;5,37;4,7;3,96;0,7;64,4;145;8,1
Mozirje;79;4438;27,2;21,1;6,1;6,13;4,75;3,21;0,72;68,4;128;33,5
Murska Sobota;80;18317;172,3;94,7;77,6;9,41;5,17;30,55;1,67;46,5;190;27,7
Muta;81;3329;19,1;15,5;3,6;5,74;4,66;2,78;0,83;58,4;129;26,4
Naklo;82;5494;34,0;25,3;8,7;6,19;4,6;5,03;0,91;56,6;148;35,5
Nazarje;83;2681;16,7;13,1;3,5;6,21;4,89;1,87;0,7;69,5;112;35,8
Nova Gorica;84;31781;221,6;141,9;79,7;6,97;4,46;38,01;1,2;49,1;167;33,5
Novo mesto;85;38678;250,0;156,4;93,6;6,46;4,04;42,98;1,11;48,5;153;33,6
Odranci;86;1609;10,6;8,7;2,0;6,59;5,38;1,42;0,88;62,7;149;0,0
Oplotnica;171;4203;21,0;18,4;2,6;5,0;4,37;2,78;0,66;63,4;151;5,7
Ormož;87;11792;77,6;58,4;19,2;6,58;4,95;11,53;0,98;56,8;162;20,9
Osilnica;88;326;3,4;2,3;1,0;10,33;7,17;0,52;1,59;56,0;147;14,9
Pesnica;89;7879;47,2;39,1;8,1;5,98;4,96;6,66;0,85;60,2;147;14,4
Piran;90;18206;175,5;88,4;87,2;9,64;4,85;33,25;1,83;41,2;235;15,8
Pivka;91;6168;41,9;31,6;10,3;6,79;5,12;6,14;1,0;57,5;153;20,6
Podlehnik;172;1828;13,2;10,9;2,3;7,24;5,99;1,82;1,0;61,8;121;40,9
Podvelka;93;2242;15,0;11,7;3,3;6,69;5,21;1,94;0,87;64,1;179;28,6
Podčetrtek;92;3699;34,5;20,1;14,3;9,32;5,44;5,57;1,51;51,2;190;8,3
Poljčane;200;4327;24,3;21,3;3,0;5,63;4,93;3,49;0,81;59,5;129;30,5
Polzela;173;6668;36,6;28,7;7,9;5,48;4,3;5,43;0,81;57,6;157;4,8
Postojna;94;17192;99,8;62,3;37,5;5,8;3,62;13,32;0,77;62,5;151;23,5
Prebold;174;5318;25,8;21,2;4,6;4,85;3,98;3,85;0,72;55,7;129;17,2
Preddvor;95;3946;22,9;18,9;4,0;5,81;4,79;3,15;0,8;61,2;173;0,0
Prevalje;175;6668;40,7;32,8;7,9;6,11;4,92;6,43;0,96;53,3;131;27,3
Ptuj;96;23898;167,8;107,7;60,1;7,02;4,51;25,13;1,05;55,7;169;23,3
Puconci;97;5800;38,9;31,6;7,2;6,7;5,45;5,27;0,91;61,9;144;1,3
Radenci;100;5064;39,3;25,9;13,4;7,76;5,11;6,31;1,25;52,0;203;9,5
Radeče;99;4046;26,6;20,5;6,1;6,58;5,08;4,01;0,99;55,8;163;12,1
Radlje ob Dravi;101;6229;35,1;27,2;7,9;5,64;4,36;5,06;0,81;59,4;137;14,2
Radovljica;102;19359;121,3;89,2;32,0;6,26;4,61;19,12;0,99;52,8;166;21,6
Ravne na Koroškem;103;11179;61,0;43,8;17,3;5,46;3,92;11,24;1,01;44,6;132;32,1
Razkrižje;176;1231;7,5;6,6;0,9;6,08;5,37;0,94;0,76;65,2;166;0,0
Rače-Fram;98;8363;44,9;39,5;5,5;5,37;4,72;6,1;0,73;62,3;111;27,9
Renče-Vogrsko;201;4424;26,6;23,0;3,6;6,02;5,2;3,57;0,81;62,3;139;32,3
Rečica ob Savinji;209;2300;14,6;12,6;2,0;6,35;5,47;1,87;0,81;64,3;179;7,2
Ribnica;104;9825;61,0;48,4;12,6;6,21;4,92;7,18;0,73;67,7;152;28,1
Ribnica na Pohorju;177;1071;8,0;6,6;1,4;7,5;6,15;1,1;1,02;61,0;123;22,7
Rogatec;107;3081;15,4;12,5;2,9;5,0;4,06;2,27;0,74;55,7;130;51,4
Rogaška Slatina;106;11679;85,5;51,5;34,0;7,32;4,41;14,08;1,21;49,3;202;19,9
Rogašovci;105;3027;21,1;17,0;4,1;6,97;5,61;2,88;0,95;61,5;185;1,2
Ruše;108;7157;41,8;31,4;10,4;5,84;4,38;6,63;0,93;52,4;177;23,5
Selnica ob Dravi;178;4359;26,6;22,8;3,8;6,1;5,23;3,62;0,83;62,3;137;43,6
Semič;109;3780;25,0;21,5;3,6;6,62;5,68;3,16;0,84;64,9;144;34,0
Sevnica;110;17602;109,4;89,6;19,8;6,22;5,09;15,58;0,89;58,7;150;30,7
Sežana;111;13669;101,5;70,1;31,4;7,42;5,13;16,31;1,19;52,0;159;20,3
Slovenj Gradec;112;17063;106,6;73,8;32,9;6,25;4,32;14,4;0,84;61,8;155;29,7
Slovenska Bistrica;113;26363;154,2;119,1;35,1;5,85;4,52;22,98;0,87;56,7;151;11,3
Slovenske Konjice;114;15534;85,2;65,3;20,0;5,49;4,2;10,99;0,71;63,9;174;15,4
Sodražica;179;2354;15,8;13,4;2,3;6,7;5,7;2,07;0,88;63,7;146;0,0
Solčava;180;493;7,0;3,8;3,2;14,18;7,7;1,1;2,23;51,5;232;0,0
Središče ob Dravi;202;1827;13,2;11,3;1,8;7,2;6,19;1,78;0,98;60,7;141;31,5
Starše;115;4111;24,3;21,9;2,4;5,9;5,32;3,15;0,77;64,6;125;32,0
Straža;203;4000;21,9;19,4;2,6;5,49;4,85;2,81;0,7;65,2;148;35,9
Sveta Ana;181;2347;15,0;12,9;2,1;6,4;5,52;2,0;0,85;62,6;175;0,0
Sveta Trojica v Slovenskih goricah;204;2297;14,7;13,2;1,5;6,4;5,75;1,89;0,82;64,6;200;0,0
Sveti Andraž v Slov. goricah;182;1191;6,4;5,5;0,9;5,35;4,63;0,84;0,71;62,6;147;60,6
Sveti Jurij ob Ščavnici;116;2795;17,7;15,2;2,5;6,34;5,45;2,36;0,84;63,2;125;3,4
Sveti Jurij v Slovenskih goricah;210;2238;12,0;11,2;0,8;5,35;5,01;1,48;0,66;66,1;100;50,4
Sveti Tomaž;205;1966;12,1;10,9;1,3;6,17;5,53;1,59;0,81;63,7;169;49,6
Tabor;184;1833;9,5;8,7;0,8;5,17;4,76;1,19;0,65;65,4;114;0,0
Tišina;10;3908;24,1;21,0;3,1;6,16;5,37;3,14;0,8;64,2;184;5,6
Tolmin;128;10661;88,7;69,0;19,7;8,32;6,48;12,77;1,2;58,4;156;29,8
Trbovlje;129;15935;80,1;58,7;21,5;5,03;3,68;15,89;1,0;40,5;150;34,2
Trebnje;130;13855;74,8;61,4;13,5;5,4;4,43;10,13;0,73;62,4;140;36,1
Trnovska vas;185;1400;6,5;5,6;0,9;4,63;4,01;0,86;0,61;62,9;138;49,2
Trzin;186;4000;28,9;17,0;12,0;7,23;4,24;4,9;1,22;49,0;112;6,6
Tržič;131;15044;74,0;61,1;12,9;4,92;4,06;11,55;0,77;54,8;144;14,9
Turnišče;132;3070;19,9;17,0;2,8;6,47;5,54;2,59;0,84;64,1;165;1,3
Velenje;133;33873;168,7;119,8;48,9;4,98;3,54;32,77;0,97;41,5;141;36,7
Velika Polana;187;1379;10,2;8,9;1,3;7,37;6,42;1,29;0,93;65,7;142;0,0
Velike Lašče;134;4546;28,4;25,1;3,4;6,25;5,51;3,65;0,8;64,6;146;25,5
Veržej;188;1361;11,0;7,7;3,4;8,1;5,63;1,67;1,23;55,1;200;27,1
Videm;135;5612;31,3;28,1;3,2;5,58;5,0;4,1;0,73;63,7;132;39,6
Vipava;136;5866;43,6;27,8;15,7;7,43;4,75;7,07;1,2;51,5;200;0,4
Vitanje;137;2200;12,6;10,5;2,1;5,71;4,77;1,76;0,8;60,2;167;0,0
Vodice;138;5291;27,9;25,3;2,6;5,27;4,78;3,64;0,69;63,3;123;44,2
Vojnik;139;9360;55,0;41,7;13,3;5,88;4,45;8,16;0,87;56,8;191;23,4
Vransko;189;2792;16,9;12,5;4,4;6,07;4,49;2,1;0,75;65,1;182;2,1
Vrhnika;140;18296;89,0;70,2;18,7;4,86;3,84;13,58;0,74;54,5;144;7,5
Vuzenica;141;2594;15,4;13,0;2,4;5,94;5,01;1,93;0,74;65,7;145;29,6
Zagorje ob Savi;142;16347;87,4;69,6;17,8;5,35;4,26;10,53;0,64;66,7;150;32,1
Zavrč;143;1453;8,4;7,5;0,9;5,78;5,14;1,11;0,76;63,5;86;29,5
Zreče;144;6657;46,6;29,5;17,1;7,01;4,43;7,82;1,17;49,3;208;14,3
Črenšovci;15;3870;26,8;22,8;3,9;6,91;5,9;3,53;0,91;63,4;174;0,0
Črna na Koroškem;16;3001;17,1;13,8;3,2;5,69;4,61;2,84;0,95;49,9;140;31,2
Črnomelj;17;14170;95,2;74,4;20,8;6,72;5,25;11,71;0,83;66,4;161;4,5
Šalovci;33;1342;11,4;9,7;1,7;8,47;7,22;1,51;1,12;63,0;164;0,0
Šempeter-Vrtojba;183;6451;54,7;31,9;22,8;8,48;4,95;9,27;1,44;46,6;151;34,5
Šentilj;118;8371;51,0;41,6;9,3;6,09;4,97;7,85;0,94;55,4;141;32,7
Šentjernej;119;7446;39,7;33,5;6,2;5,34;4,5;5,35;0,72;62,6;120;26,0
Šentjur;120;19757;110,4;90,8;19,6;5,59;4,6;15,34;0,78;60,7;163;4,0
Šentrupert;211;2915;15,3;12,2;3,1;5,25;4,17;2,13;0,73;60,8;103;14,4
Šenčur;117;9041;48,8;38,3;10,5;5,4;4,23;7,01;0,78;58,7;124;29,1
Škocjan;121;3531;19,3;16,8;2,5;5,46;4,74;2,49;0,7;64,2;123;33,2
Škofja Loka;122;23850;123,5;93,7;29,9;5,18;3,93;19,3;0,81;53,7;146;35,9
Škofljica;123;12199;54,0;46,5;7,5;4,42;3,81;7,9;0,65;57,9;129;3,0
Šmarje pri Jelšah;124;10575;59,7;51,4;8,3;5,64;4,86;7,97;0,75;63,1;120;29,0
Šmarješke Toplice;206;3606;23,4;16,8;6,6;6,49;4,65;3,48;0,97;55,4;254;20,1
Šmartno ob Paki;125;3436;17,6;15,9;1,7;5,11;4,63;2,34;0,68;63,3;107;45,7
Šmartno pri Litiji;194;5854;26,8;23,9;3,0;4,58;4,07;3,61;0,62;62,4;122;46,2
Šoštanj;126;9007;58,2;37,4;20,8;6,46;4,15;10,22;1,13;46,9;205;22,9
Štore;127;4542;21,5;17,8;3,7;4,74;3,92;3,2;0,7;55,7;141;35,9
Žalec;190;21737;129,3;99,5;29,8;5,95;4,58;20,83;0,96;52,6;136;23,7
Železniki;146;6629;39,4;31,5;7,8;5,94;4,76;4,58;0,69;68,3;197;5,0
Žetale;191;1299;7,2;6,5;0,7;5,56;5,01;0,88;0,67;67,8;105;63,1
Žiri;147;5159;30,9;24,7;6,3;6,0;4,78;4,47;0,87;60,2;163;37,0
Žirovnica;192;4515;26,2;23,3;2,9;5,81;5,17;3,52;0,78;61,9;120;20,6
Žužemberk;193;4708;31,5;26,4;5,1;6,7;5,61;4,12;0,87;63,5;165;28,6
