občina;šifra;končna raba [GWh];razpon od;razpon do;končna raba [kWh/m²];primarna raba [GWh];primarna raba [kWh/m²];površina nad pragom 43 % [%];energent el [%];energent amb [%];energent gas [%];energent elko [%];energent bio [%];energent dh [%];razred A [% površine];razred B [% površine];razred C [% površine];razred D [% površine];razred E [% površine];razred F [% površine];razred G [% površine]
Ajdovščina;1;95,4;95,4;98,2;119;131,6;165;37,8;16,3;9,6;5,7;7,4;60,4;0,6;1,9;21,3;23,8;19,5;12,6;7,4;13,4
Ankaran;213;16,0;14,5;16,0;117;24,8;181;41,7;30,7;10,3;11,3;16,1;30,6;1,0;2,1;16,9;22,6;19,4;13,1;8,2;17,6
Apače;195;18,0;18,0;19,1;125;24,5;170;32,9;14,7;10,3;4,7;5,8;64,6;0,0;1,9;24,8;25,9;18,9;11,2;6,3;11,0
Beltinci;2;42,9;41,4;42,9;137;58,2;186;36,7;15,0;10,9;5,3;8,3;60,5;0,0;1,5;21,7;24,9;20,0;12,5;7,2;12,2
Benedikt;148;12,5;12,5;13,8;113;16,9;153;27,8;14,3;9,6;8,7;5,5;61,9;0,0;2,1;27,8;27,5;18,5;10,4;5,5;8,4
Bistrica ob Sotli;149;7,6;7,4;7,6;139;10,0;184;42,4;12,1;6,7;7,8;13,7;59,6;0,0;1,4;18,7;22,6;20,0;13,6;8,4;15,3
Bled;3;48,9;48,4;48,9;122;66,3;165;41,4;16,2;10,2;21,9;13,1;38,1;0,6;1,5;18,2;23,0;20,1;13,5;8,1;15,6
Bloke;150;10,1;10,1;10,2;124;13,2;163;38,7;9,9;5,5;5,0;5,0;74,6;0,0;1,7;20,7;23,7;19,9;12,9;7,6;13,4
Bohinj;4;35,2;34,5;35,2;124;49,4;174;43,0;18,6;7,2;8,3;14,2;51,1;0,5;1,4;17,2;22,6;20,4;13,9;8,4;16,3
Borovnica;5;18,9;18,1;18,9;121;26,0;166;39,2;16,8;12,8;3,4;15,5;51,5;0,0;1,7;20,0;23,6;19,6;12,8;7,8;14,5
Bovec;6;23,4;23,3;23,4;119;32,1;163;44,0;15,6;5,2;8,3;11,4;59,4;0,1;1,4;17,0;21,7;20,2;14,2;8,7;16,8
Braslovče;151;30,0;30,0;30,4;126;41,7;176;32,7;17,9;14,0;7,0;8,9;52,3;0,0;1,9;25,4;25,6;18,8;11,4;6,3;10,6
Brda;7;35,7;35,5;35,7;133;49,5;184;41,0;16,9;10,6;4,9;6,3;61,3;0,0;1,5;19,6;23,1;19,9;13,5;8,1;14,4
Brezovica;8;58,4;58,4;64,6;116;84,5;168;26,0;22,7;12,4;15,6;8,2;41,2;0,0;2,1;30,0;27,7;18,0;9,6;5,0;7,5
Brežice;9;129,6;128,3;129,6;129;176,0;176;37,0;14,7;8,5;8,3;10,1;50,5;7,9;1,6;21,3;24,7;19,7;12,4;7,3;12,9
Cankova;152;10,4;9,9;10,4;141;14,2;192;40,1;14,8;8,3;6,4;7,6;63,0;0,0;1,4;19,9;23,7;20,0;13,2;7,9;14,0
Celje;11;187,6;164,3;187,6;113;247,8;150;47,3;12,9;6,9;29,8;8,3;24,5;17,5;1,6;14,3;20,5;19,2;13,9;9,2;21,2
Cerklje na Gorenjskem;12;30,3;30,3;42,3;93;45,5;140;15,7;25,6;9,3;9,1;5,2;50,5;0,2;3,1;39,5;29,7;14,8;6,5;3,0;3,5
Cerknica;13;57,8;57,8;59,3;123;78,1;167;36,8;13,9;9,3;4,1;7,6;64,7;0,4;1,7;22,0;24,4;19,5;12,4;7,2;12,8
Cerkno;14;28,0;26,0;28,0;139;36,4;180;48,4;9,4;5,4;5,0;6,9;73,4;0,0;1,3;15,3;20,0;20,1;15,0;9,6;18,7
Cerkvenjak;153;10,2;10,2;11,5;119;13,8;160;26,9;13,3;6,9;5,2;7,5;67,1;0,0;2,3;29,4;27,4;18,1;9,9;5,1;7,8
Cirkulane;196;13,5;13,5;14,3;133;18,6;183;33,0;15,9;5,7;5,6;13,1;59,7;0,0;1,7;24,4;26,1;19,5;11,5;6,4;10,4
Destrnik;18;12,4;12,4;13,8;124;16,9;168;26,8;14,8;7,7;6,9;11,5;59,0;0,1;2,1;29,9;27,5;17,9;9,8;5,1;7,7
Divača;19;22,2;22,2;24,5;109;31,2;153;34,4;18,1;9,0;8,4;6,0;57,9;0,5;2,2;23,9;24,6;18,9;11,7;6,7;12,0
Dobje;154;5,1;5,0;5,1;143;6,8;189;37,8;11,5;6,3;8,1;7,2;66,9;0,0;1,5;21,5;24,4;19,8;12,6;7,4;12,8
Dobrepolje;20;21,1;21,1;21,5;133;28,2;178;35,2;12,9;9,4;7,0;9,5;61,0;0,1;1,7;23,2;25,0;19,5;12,1;6,8;11,6
Dobrna;155;9,9;9,9;10,5;117;13,7;162;34,2;17,8;12,5;11,0;9,6;49,1;0,0;1,9;23,7;25,1;19,1;11,8;6,6;11,8
Dobrova-Polhov Gradec;21;39,4;39,4;41,6;127;53,8;174;30,7;15,5;7,5;11,3;8,4;57,4;0,0;1,9;26,5;26,4;18,9;10,9;5,9;9,5
Dobrovnik;156;7,3;7,1;7,3;135;9,6;177;39,6;11,1;5,4;4,7;11,7;66,7;0,4;1,5;19,8;24,1;19,9;12,8;7,7;14,2
Dol pri Ljubljani;22;27,4;27,4;29,7;114;40,9;170;24,9;26,3;13,1;16,9;8,3;35,5;0,0;2,5;30,0;28,2;18,0;9,4;4,8;7,2
Dolenjske Toplice;157;18,6;18,6;20,2;121;25,5;166;30,9;15,6;10,2;5,3;7,6;61,3;0,0;1,9;26,4;26,3;18,9;11,1;5,9;9,5
Domžale;23;161,0;160,9;161,0;118;224,7;165;35,0;19,0;10,3;23,6;9,2;29,4;8,4;1,9;22,0;25,1;19,6;12,2;7,0;12,2
Dornava;24;15,1;14,8;15,1;138;20,8;190;34,6;16,6;10,5;8,1;7,5;57,3;0,0;1,7;23,5;25,3;19,3;11,9;6,7;11,4
Dravograd;25;38,9;38,9;41,9;117;52,3;157;33,9;13,7;11,1;4,6;8,7;54,7;7,2;1,7;22,7;26,2;19,4;11,5;6,5;12,1
Duplek;26;35,8;35,8;37,7;125;50,6;177;29,6;19,2;11,1;6,4;8,5;54,8;0,0;1,9;26,8;27,3;18,8;10,7;5,7;8,9
Gorenja vas-Poljane;27;38,4;38,4;39,7;127;51,2;170;34,2;12,0;5,9;5,8;5,9;70,4;0,1;1,8;23,9;25,3;19,4;11,8;6,6;11,1
Gorišnica;28;18,5;18,5;21,1;114;25,4;157;25,2;16,0;11,1;7,8;8,5;56,5;0,0;2,1;29,9;28,3;18,3;9,6;4,8;6,9
Gorje;207;17,0;15,0;17,0;142;22,4;187;51,2;11,9;10,3;5,9;12,8;59,1;0,0;1,2;14,1;19,0;19,5;15,1;10,1;20,9
Gornja Radgona;29;41,9;41,9;42,5;123;57,7;169;36,4;16,5;9,0;12,1;8,0;53,0;1,5;1,6;21,0;25,0;20,0;12,5;7,2;12,6
Gornji Grad;30;15,4;13,5;15,4;138;20,7;186;51,3;13,5;8,1;8,8;8,8;59,3;1,4;1,2;13,8;19,0;19,8;15,4;10,3;20,5
Gornji Petrovci;31;14,1;12,6;14,1;140;18,6;186;46,7;11,9;6,1;5,8;11,9;64,3;0,0;1,3;16,0;21,0;20,2;14,6;9,3;17,6
Grad;158;11,8;10,9;11,8;139;15,0;177;43,7;8,0;7,2;6,3;8,2;70,3;0,0;1,4;18,2;22,1;19,8;13,7;8,6;16,3
Grosuplje;32;86,4;86,4;93,8;116;123,4;165;28,3;20,2;12,0;5,7;8,8;42,6;10,7;2,2;26,9;27,5;18,9;10,6;5,5;8,6
Hajdina;159;18,9;18,9;20,2;120;27,2;173;27,8;21,6;13,8;5,6;10,4;48,6;0,0;2,0;28,8;27,2;18,3;10,0;5,3;8,3
Hodoš;161;1,8;1,7;1,8;124;2,4;164;45,5;11,9;3,8;14,3;8,0;62,0;0,0;1,2;15,1;22,0;21,0;15,0;9,2;16,5
Horjul;162;15,1;15,1;15,8;134;20,5;181;33,0;14,5;8,1;7,1;10,9;59,1;0,3;1,7;24,4;26,2;19,5;11,5;6,4;10,4
Hoče-Slivnica;160;60,0;60,0;65,7;116;89,3;173;27,4;25,9;13,7;10,6;11,8;37,9;0,1;2,2;28,6;27,3;18,3;10,1;5,3;8,2
Hrastnik;34;35,2;30,7;35,2;122;46,2;160;53,4;10,7;7,8;9,0;6,0;45,0;21,5;1,2;11,8;18,2;19,0;15,2;10,5;24,1
Hrpelje-Kozina;35;25,8;25,8;28,3;106;36,9;151;32,8;20,3;11,1;6,6;6,9;54,8;0,2;2,4;24,8;25,0;18,8;11,4;6,4;11,0
Idrija;36;53,4;52,1;53,4;119;70,1;156;46,9;10,9;5,3;8,1;10,6;63,9;1,2;1,3;15,2;20,6;19,8;14,4;9,2;19,5
Ig;37;33,2;33,2;39,0;112;48,5;164;22,9;23,1;11,0;13,4;6,7;45,2;0,6;2,5;32,6;28,4;17,2;8,7;4,4;6,3
Ilirska Bistrica;38;73,6;71,1;73,6;127;95,1;164;47,1;9,1;6,4;3,3;9,4;71,7;0,0;1,3;15,7;20,8;19,9;14,5;9,3;18,6
Ivančna Gorica;39;79,6;79,6;85,5;122;112,3;173;29,3;19,0;10,6;5,7;8,5;55,9;0,3;2,1;27,5;26,8;18,5;10,5;5,7;9,0
Izola;40;65,1;63,3;65,1;100;106,3;163;42,6;37,6;12,0;21,4;8,9;19,7;0,6;2,4;16,0;21,8;19,5;13,4;8,5;18,3
Jesenice;41;64,8;56,7;64,8;105;87,6;142;51,5;13,6;7,0;11,4;7,5;31,6;28,8;1,2;11,4;19,6;19,0;14,3;9,9;24,6
Jezersko;163;4,4;4,2;4,4;123;5,8;164;44,7;12,8;5,4;11,9;12,0;57,9;0,0;1,6;17,5;21,5;19,2;13,4;8,5;18,4
Juršinci;42;12,6;12,6;13,9;124;16,8;166;26,4;13,1;7,1;9,7;6,5;63,6;0,0;2,1;28,9;28,3;18,5;9,8;5,0;7,4
Kamnik;43;124,7;117,3;124,7;123;166,3;164;41,0;13,7;8,4;19,4;9,1;42,9;6,5;1,5;18,0;23,3;20,1;13,4;8,2;15,5
Kanal;44;32,8;28,3;32,8;135;42,8;175;58,9;10,3;9,1;5,4;6,9;68,3;0,0;1,1;10,5;15,7;18,6;16,2;11,7;26,1
Kidričevo;45;28,6;28,6;32,3;115;39,3;158;29,7;15,6;9,9;5,5;10,3;46,7;11,9;2,0;27,0;26,8;18,1;10,4;5,9;9,9
Kobarid;46;28,8;26,1;28,8;145;37,2;188;50,1;9,1;5,8;4,2;7,0;73,8;0,1;1,3;14,7;19,4;19,8;15,1;10,0;19,8
Kobilje;47;3,0;2,9;3,0;130;4,1;178;40,2;15,5;8,0;10,2;9,4;56,9;0,0;1,6;19,6;23,5;19,8;13,3;8,0;14,2
Komen;49;25,0;23,9;25,0;129;33,9;175;47,6;14,7;9,9;6,0;7,1;62,3;0,0;1,4;16,8;19,9;19,5;14,7;9,4;18,2
Komenda;164;27,4;27,4;31,7;109;38,9;155;23,7;21,0;10,9;19,6;10,5;38,0;0,0;2,3;31,2;28,7;17,6;9,0;4,5;6,7
Koper;50;222,5;222,5;225,5;109;347,0;170;38,6;30,4;10,6;7,8;9,5;31,1;10,7;2,0;19,8;23,5;19,6;12,8;7,7;14,7
Kostanjevica na Krki;197;13,0;12,9;13,0;133;17,6;180;36,9;14,8;8,3;7,2;12,0;57,7;0,0;1,7;22,5;24,3;19,5;12,5;7,2;12,4
Kostel;165;6,4;6,2;6,4;135;8,3;176;45,0;9,5;3,0;6,6;6,1;74,9;0,0;1,4;17,8;21,3;19,9;14,1;8,9;16,6
Kozje;51;17,2;17,0;17,2;133;22,8;176;40,6;11,5;6,3;7,9;8,0;65,8;0,6;1,6;19,8;23,2;19,8;13,2;8,0;14,5
Kočevje;48;67,6;67,6;68,7;121;87,5;157;41,1;9,2;10,5;1,1;6,2;60,7;12,2;1,4;18,4;23,1;19,8;13,2;8,0;16,1
Kranj;52;212,0;202,8;212,0;110;293,1;152;38,7;17,2;10,1;15,3;10,9;30,3;16,2;1,6;18,5;24,7;19,9;12,7;7,6;15,0
Kranjska Gora;53;36,2;36,2;37,5;106;50,8;148;39,9;19,5;10,6;14,9;14,4;40,1;0,5;1,5;17,9;23,6;20,4;13,6;8,1;14,9
Križevci;166;17,7;17,7;17,9;131;24,0;177;37,2;15,2;10,4;7,8;11,9;54,8;0,0;1,6;21,9;24,5;19,3;12,3;7,2;13,2
Krško;54;122,3;120,2;122,3;128;164,0;172;38,1;13,2;8,4;8,1;8,7;53,3;8,3;1,6;20,3;24,4;20,0;12,8;7,5;13,5
Kungota;55;26,7;26,7;29,8;118;37,7;167;27,9;19,4;12,3;5,7;7,9;54,7;0,0;2,3;28,6;27,1;18,0;10,1;5,4;8,5
Kuzma;56;8,2;8,2;8,3;129;11,1;174;33,9;14,5;10,7;9,6;9,3;55,9;0,0;1,6;23,4;25,9;19,7;11,9;6,6;10,9
Laško;57;60,2;60,2;60,4;127;77,6;163;38,9;9,1;6,7;9,7;7,5;61,1;5,8;1,5;19,8;24,2;20,0;12,9;7,6;14,0
Lenart;58;39,1;39,1;43,5;111;54,7;155;30,0;17,6;9,6;4,3;9,7;47,5;11,3;2,1;25,1;27,0;19,2;11,0;5,9;9,5
Lendava;59;59,4;56,0;59,4;142;78,4;187;42,0;12,1;7,9;11,4;10,6;56,4;1,6;1,4;18,0;23,1;20,1;13,5;8,3;15,5
Litija;60;66,7;66,7;66,8;120;91,2;164;35,0;15,1;10,4;4,3;7,2;54,4;8,6;1,8;22,1;25,5;19,6;12,0;6,9;12,1
Ljubljana;61;1014,3;942,1;1014,4;97;1366,7;130;43,4;14,3;4,9;32,1;6,2;12,5;29,9;1,8;14,9;22,2;19,9;13,6;8,7;18,8
Ljubno;62;14,4;13,4;14,4;136;19,3;181;44,4;12,9;10,5;6,9;6,4;63,2;0,0;1,5;17,8;21,7;19,9;14,1;8,8;16,3
Ljutomer;63;59,6;56,8;59,6;136;79,4;181;42,2;12,5;7,4;6,0;12,4;54,5;7,2;1,5;18,3;22,6;19,9;13,6;8,4;15,7
Log-Dragomer;208;19,2;19,2;21,5;128;27,7;185;27,7;22,7;14,0;9,7;15,7;37,8;0,0;1,8;27,4;28,3;18,9;10,2;5,3;8,1
Logatec;64;58,6;58,6;63,4;111;79,9;151;31,2;15,4;10,9;11,3;5,0;56,4;0,9;2,0;25,2;26,2;18,9;11,1;6,1;10,4
Lovrenc na Pohorju;167;14,0;13,8;14,0;125;19,7;176;42,3;18,2;8,5;6,5;8,4;58,3;0,0;1,5;18,9;22,4;19,4;13,2;8,3;16,3
Loška dolina;65;17,3;17,3;17,7;128;22,1;163;41,9;7,7;4,7;5,2;9,3;72,6;0,5;1,4;18,6;22,9;20,1;13,4;8,2;15,5
Loški Potok;66;11,2;10,8;11,2;131;14,5;170;44,1;8,6;5,1;6,5;5,8;73,0;1,0;1,4;17,6;21,8;20,1;14,2;8,8;16,0
Lukovica;68;27,4;27,4;29,4;123;40,1;180;28,6;23,4;13,4;5,3;9,4;48,5;0,0;2,1;28,6;26,7;18,2;10,2;5,5;8,7
Luče;67;8,9;7,8;8,9;145;11,8;190;49,9;10,7;5,6;6,2;5,3;71,0;1,3;1,2;14,4;19,8;20,1;15,2;10,0;19,3
Majšperk;69;20,5;20,5;20,6;129;27,4;173;35,3;12,7;6,2;5,3;12,2;63,5;0,1;1,7;22,7;25,4;19,6;12,0;6,8;11,9
Makole;198;10,3;10,3;10,6;132;13,7;175;34,1;11,2;5,1;5,0;5,2;73,4;0,0;1,7;24,0;25,6;19,4;11,8;6,6;10,9
Maribor;70;431,7;400,5;431,7;101;606,3;142;43,2;19,1;7,7;22,7;11,4;20,7;18,5;1,6;15,2;22,7;19,9;13,5;8,6;18,6
Markovci;168;19,9;19,9;21,2;126;27,7;175;28,8;17,4;10,8;5,7;8,8;57,2;0,1;1,9;27,7;27,3;18,6;10,4;5,5;8,5
Medvode;71;80,3;80,3;82,9;121;115,8;174;31,6;22,7;13,9;14,5;10,3;38,1;0,5;2,1;25,7;25,8;18,6;11,0;6,2;10,5
Mengeš;72;35,1;35,1;36,5;112;50,0;160;32,7;21,4;12,0;18,0;11,7;35,2;1,7;2,1;23,8;25,6;19,4;11,6;6,5;11,0
Metlika;73;45,0;42,7;45,0;139;59,6;185;41,2;12,0;9,1;2,4;11,0;57,7;7,8;1,4;19,1;23,1;19,9;13,4;8,1;15,0
Mežica;74;15,0;13,9;15,0;117;20,2;159;46,9;14,6;12,0;9,2;8,4;37,5;18,3;1,3;14,1;21,0;20,0;14,2;9,0;20,4
Miklavž na Dravskem polju;169;36,4;36,4;39,3;126;54,3;188;27,0;26,0;12,9;6,7;12,7;41,7;0,0;2,0;28,5;27,9;18,6;10,1;5,2;7,7
Miren-Kostanjevica;75;26,5;25,7;26,5;123;36,4;169;42,2;16,1;11,1;5,6;8,8;58,3;0,1;1,6;19,4;22,1;19,6;13,5;8,3;15,5
Mirna;212;12,9;12,9;14,7;111;17,6;151;28,7;15,2;8,9;4,1;10,4;57,6;3,8;2,2;26,5;27,5;18,7;10,2;5,6;9,3
Mirna Peč;170;14,9;14,9;16,5;122;21,2;173;27,0;19,0;9,1;4,4;5,8;61,6;0,0;2,2;29,8;27,2;17,9;9,8;5,1;7,8
Mislinja;76;20,1;20,1;21,8;121;27,0;162;31,7;14,2;13,0;6,7;7,6;58,4;0,1;1,8;24,7;26,7;19,3;11,3;6,2;10,1
Mokronog-Trebelno;199;16,8;16,8;18,2;123;22,7;166;32,0;13,6;6,5;5,0;8,7;66,2;0,0;1,8;25,8;26,0;18,7;11,0;6,1;10,5
Moravske Toplice;78;35,8;35,8;39,2;118;50,4;167;29,9;18,1;9,0;3,5;5,5;63,2;0,7;1,8;25,9;27,3;19,4;11,0;5,8;8,8
Moravče;77;26,7;26,7;28,7;127;36,8;175;29,3;16,1;9,4;5,2;9,5;59,5;0,3;2,1;27,2;27,0;18,7;10,6;5,7;8,8
Mozirje;79;21,1;21,1;21,8;120;30,1;172;32,1;20,4;14,4;3,1;7,9;45,5;8,7;1,9;24,1;26,6;19,5;11,4;6,2;10,4
Murska Sobota;80;94,7;86,5;94,7;129;126,8;172;42,4;14,2;10,7;14,0;13,8;38,0;9,3;1,7;16,9;22,6;20,4;13,7;8,4;16,3
Muta;81;15,5;15,5;16,3;122;21,1;166;33,1;15,3;12,6;7,5;8,6;55,1;0,9;1,7;23,6;26,3;19,1;11,4;6,4;11,4
Naklo;82;25,3;25,3;27,0;121;34,7;166;31,5;16,9;12,5;9,8;11,7;49,1;0,0;1,9;25,4;26,4;19,3;11,1;6,0;9,9
Nazarje;83;13,1;12,1;13,1;132;17,3;174;44,1;10,9;9,9;5,0;4,3;60,9;8,9;1,3;17,2;22,1;19,9;14,1;8,8;16,5
Nova Gorica;84;141,9;137,5;141,9;115;188,9;153;42,7;12,6;8,5;13,0;5,5;48,0;12,5;1,8;17,1;22,2;19,9;13,7;8,6;16,7
Novo mesto;85;156,4;156,4;162,3;116;210,5;156;32,6;14,3;9,6;15,2;8,3;43,7;9,0;2,0;23,0;26,4;19,6;11,5;6,4;11,1
Odranci;86;8,7;8,7;9,1;133;11,8;181;29,8;15,4;11,2;7,1;6,6;59,7;0,0;1,6;26,0;27,8;19,4;10,7;5,7;8,8
Oplotnica;171;18,4;18,4;19,4;125;24,8;169;31,6;14,4;10,7;7,3;7,5;60,1;0,0;1,9;25,7;26,2;18,9;11,1;6,1;10,1
Ormož;87;58,4;58,4;59,9;126;80,1;173;35,7;15,7;7,3;10,5;8,4;58,1;0,0;1,7;22,3;25,1;19,7;12,2;7,0;12,1
Osilnica;88;2,3;2,3;2,4;116;3,1;154;42,4;12,3;4,8;12,2;9,4;61,4;0,0;1,4;18,7;22,6;20,2;13,7;8,4;15,1
Pesnica;89;39,1;39,1;43,7;118;56,4;171;28,8;21,7;10,2;5,4;11,9;50,9;0,0;2,2;27,3;27,1;18,7;10,5;5,5;8,7
Piran;90;88,4;88,4;90,7;107;142,5;172;42,1;34,5;8,5;10,0;12,1;22,1;12,8;2,1;17,5;21,9;19,4;13,3;8,3;17,5
Pivka;91;31,6;31,6;34,1;117;42,2;156;37,1;12,6;5,8;7,1;8,4;66,1;0,1;1,7;21,6;24,5;19,3;12,2;7,1;13,6
Podlehnik;172;10,9;10,9;11,0;137;14,8;186;35,8;13,5;4,3;6,1;9,4;66,6;0,0;1,7;22,6;25,1;19,6;12,2;6,9;11,9
Podvelka;93;11,7;10,9;11,7;131;15,6;176;45,7;12,3;4,3;6,0;8,4;68,9;0,0;1,3;16,3;21,4;19,8;14,1;8,9;18,1
Podčetrtek;92;20,1;20,1;22,9;120;27,5;164;28,5;14,9;7,2;8,3;4,9;63,7;0,9;1,9;27,0;27,6;18,8;10,4;5,5;8,7
Poljčane;200;21,3;21,3;22,1;123;28,5;164;37,3;13,2;9,3;5,8;12,8;58,9;0,1;1,6;21,4;24,4;19,3;12,3;7,3;13,6
Polzela;173;28,7;28,7;31,2;112;41,0;160;26,8;21,2;14,3;10,8;6,6;46,0;1,2;2,4;29,0;27,5;18,0;9,9;5,2;8,1
Postojna;94;62,3;62,3;68,7;100;86,2;138;35,4;16,3;7,9;5,7;9,3;50,0;10,8;1,9;21,4;25,1;19,3;11,9;7,0;13,5
Prebold;174;21,2;21,2;21,4;114;28,5;154;34,9;14,5;10,3;16,0;8,0;49,0;2,2;2,2;23,0;24,8;19,0;11,7;6,8;12,6
Preddvor;95;18,9;18,9;20,4;118;26,8;167;28,5;19,7;10,4;4,9;9,8;54,1;1,2;2,1;28,1;26,8;18,4;10,3;5,5;8,8
Prevalje;175;32,8;29,2;32,8;132;44,5;179;46,3;15,6;12,6;18,1;5,9;38,7;9,0;1,3;15,1;21,3;19,9;14,1;9,0;19,2
Ptuj;96;107,7;107,7;109,8;115;152,6;163;35,9;19,9;9,1;17,3;10,3;30,6;12,7;1,8;21,4;24,9;19,5;12,1;7,1;13,2
Puconci;97;31,6;31,6;31,6;132;42,0;176;35,9;11,6;6,4;2,4;7,8;71,8;0,0;1,5;22,4;25,3;19,8;12,2;7,0;11,7
Radenci;100;25,9;25,9;28,0;121;35,4;165;32,9;16,1;11,4;6,5;11,7;54,2;0,2;1,8;23,6;26,2;19,5;11,5;6,4;11,0
Radeče;99;20,5;18,8;20,5;133;27,3;177;46,7;12,7;9,0;11,4;8,8;56,4;1,6;1,4;15,5;21,0;20,1;14,5;9,3;18,3
Radlje ob Dravi;101;27,2;27,2;28,3;116;38,3;164;34,0;19,4;13,9;5,0;9,8;51,2;0,8;1,8;22,8;25,6;19,6;11,8;6,6;11,8
Radovljica;102;89,2;87,6;89,2;121;121,2;164;40,1;16,1;10,7;19,8;10,3;42,5;0,5;1,5;18,9;23,4;19,9;13,2;7,9;15,0
Ravne na Koroškem;103;43,8;42,3;43,8;111;59,1;149;39,8;14,1;9,0;18,0;3,3;34,3;21,2;1,6;17,2;24,1;20,3;13,3;8,0;15,5
Razkrižje;176;6,6;5,9;6,6;154;8,8;205;43,9;12,6;9,4;6,0;7,7;64,4;0,0;1,3;17,8;22,3;19,9;13,9;8,7;16,1
Rače-Fram;98;39,5;39,5;43,5;114;62,7;181;24,8;33,5;17,9;5,9;6,5;36,2;0,0;3,1;31,9;26,8;17,1;9,3;4,8;7,1
Renče-Vogrsko;201;23,0;22,9;23,0;127;31,3;173;39,4;15,2;12,9;5,2;7,6;59,2;0,0;1,6;21,0;23,3;19,5;12,8;7,6;14,1
Rečica ob Savinji;209;12,6;11,7;12,6;140;16,8;188;42,4;13,5;13,2;4,3;5,3;63,7;0,0;1,4;18,2;22,9;20,4;13,9;8,4;14,8
Ribnica;104;48,4;45,5;48,4;132;63,2;173;42,5;10,3;9,1;3,5;7,2;61,2;8,8;1,6;18,3;22,4;19,8;13,6;8,4;15,9
Ribnica na Pohorju;177;6,6;6,4;6,6;129;8,6;169;43,4;10,2;4,2;7,6;8,7;69,3;0,0;1,5;17,9;22,2;19,8;13,7;8,6;16,4
Rogatec;107;12,5;12,5;13,1;120;16,7;161;38,1;13,4;7,6;19,2;4,6;54,8;0,3;1,6;20,9;23,7;19,9;12,8;7,5;13,5
Rogaška Slatina;106;51,5;51,5;55,6;119;68,7;158;31,4;13,3;7,8;17,6;6,1;55,1;0,1;1,9;25,3;26,3;18,9;11,0;6,1;10,4
Rogašovci;105;17,0;17,0;17,7;134;23,1;182;32,4;14,6;8,1;5,8;7,3;64,2;0,0;1,7;24,7;26,4;19,5;11,4;6,2;10,0
Ruše;108;31,4;31,1;31,4;117;43,1;161;37,0;16,8;7,9;17,4;11,4;46,2;0,4;1,6;20,1;24,9;19,9;12,4;7,3;13,8
Selnica ob Dravi;178;22,8;22,8;23,2;129;31,0;175;35,3;14,5;8,9;3,9;8,5;64,2;0,0;1,6;22,8;25,2;19,6;12,1;6,9;11,7
Semič;109;21,5;21,5;22,1;132;28,2;173;36,0;10,4;7,3;4,2;5,6;71,9;0,6;1,6;22,1;25,3;19,7;12,3;7,0;12,0
Sevnica;110;89,6;87,7;89,6;131;116,6;170;38,2;10,1;6,9;10,1;7,6;64,5;0,8;1,6;20,6;24,2;19,9;12,8;7,5;13,4
Sežana;111;70,1;70,1;72,7;116;100,5;166;36,7;21,0;9,6;11,9;8,7;46,9;1,9;2,0;21,7;24,2;19,4;12,4;7,2;13,0
Slovenj Gradec;112;73,8;73,8;80,0;112;101,3;154;30,8;16,0;12,2;8,9;4,6;48,7;9,6;2,0;24,5;27,0;19,4;11,1;6,0;10,0
Slovenska Bistrica;113;119,1;119,1;126,7;119;172,3;172;30,7;22,4;11,3;12,4;9,3;44,5;0,1;2,0;25,8;26,5;18,9;10,9;6,0;9,9
Slovenske Konjice;114;65,3;65,3;69,2;117;87,1;157;32,1;12,9;9,1;9,2;8,9;51,4;8,7;1,8;24,0;26,5;19,5;11,4;6,3;10,6
Sodražica;179;13,4;13,2;13,4;132;17,8;175;39,1;12,2;8,9;5,5;6,3;66,6;0,5;1,5;20,7;23,9;19,7;12,8;7,6;13,8
Solčava;180;3,8;3,4;3,8;138;5,2;189;46,2;14,7;6,0;8,7;7,7;60,7;2,2;1,2;15,8;21,3;21,0;14,7;9,2;16,8
Središče ob Dravi;202;11,3;10,0;11,3;148;14,9;194;49,0;11,5;6,9;10,8;9,2;61,6;0,0;1,3;15,1;20,1;19,9;14,9;9,8;18,9
Starše;115;21,9;21,9;22,8;126;31,7;182;30,0;22,1;13,2;4,9;8,2;51,5;0,0;2,0;26,7;26,8;18,9;10,8;5,8;9,1
Straža;203;19,4;19,3;19,4;132;26,4;181;36,7;15,6;10,8;3,5;13,7;56,4;0,0;1,6;22,0;24,6;19,6;12,3;7,1;12,8
Sveta Ana;181;12,9;12,9;13,6;124;17,8;171;30,6;16,0;8,3;7,4;6,3;61,9;0,0;2,1;26,4;26,2;18,9;11,0;6,0;9,3
Sveta Trojica v Slovenskih goricah;204;13,2;13,2;13,7;128;18,8;182;30,3;19,8;11,3;4,3;6,3;58,2;0,1;2,2;28,3;25,6;17,9;10,6;5,8;9,5
Sveti Andraž v Slov. goricah;182;5,5;5,5;5,8;130;7,5;177;30,0;15,2;6,6;10,2;11,3;56,7;0,0;1,9;27,0;26,8;18,8;10,7;5,8;8,9
Sveti Jurij ob Ščavnici;116;15,2;15,2;15,8;134;20,4;179;34,7;12,7;6,7;5,0;10,2;65,3;0,0;1,7;23,6;25,3;19,5;12,0;6,7;11,2
Sveti Jurij v Slovenskih goricah;210;11,2;11,2;12,5;118;15,7;166;27,0;17,7;9,1;5,0;4,0;64,0;0,0;2,2;29,6;27,3;18,1;9,9;5,2;7,7
Sveti Tomaž;205;10,9;10,9;11,2;134;14,4;177;35,1;11,4;6,1;5,6;9,0;67,9;0,0;1,7;22,9;25,5;19,6;11,9;6,8;11,5
Tabor;184;8,7;8,7;9,1;121;12,0;167;32,4;16,1;11,6;6,7;3,4;62,3;0,0;2,1;26,7;25,1;18,2;11,2;6,2;10,6
Tišina;10;21,0;20,0;21,0;140;28,8;193;38,1;16,3;11,4;4,0;11,1;57,2;0,0;1,4;21,0;24,5;20,0;12,7;7,4;12,9
Tolmin;128;69,0;61,3;69,0;139;89,6;180;54,8;9,6;8,0;2,9;8,4;71,1;0,0;1,2;12,1;17,4;19,2;15,6;10,8;23,6
Trbovlje;129;58,7;50,9;58,7;113;81,0;156;54,8;15,4;8,6;2,2;10,2;31,7;32,0;1,2;10,7;17,7;18,4;14,7;10,5;26,9
Trebnje;130;61,4;61,4;69,1;114;85,4;159;26,2;17,2;10,2;3,9;7,7;60,0;1,1;2,2;29,3;27,8;18,1;9,8;5,1;7,7
Trnovska vas;185;5,6;5,6;6,4;117;7,9;164;24,5;18,4;9,2;10,0;5,7;56,7;0,0;2,5;32,3;27,5;17,1;9,1;4,7;6,9
Trzin;186;17,0;17,0;20,7;107;22,9;144;22,6;16,7;8,9;42,0;6,1;26,3;0,1;2,3;30,0;29,7;18,4;9,1;4,4;6,0
Tržič;131;61,1;58,8;61,1;121;83,2;164;43,5;15,2;10,4;9,4;9,5;45,3;10,2;1,5;17,1;22,3;19,4;13,3;8,4;18,0
Turnišče;132;17,0;16,7;17,0;141;22,4;185;36,7;11,1;9,1;3,7;8,9;67,2;0,0;1,5;21,5;25,2;19,9;12,4;7,2;12,3
Velenje;133;119,8;112,8;119,8;117;163,4;160;44,2;13,8;9,2;2,9;4,6;35,6;33,8;1,4;15,5;22,1;19,7;13,6;8,7;19,0
Velika Polana;187;8,9;8,1;8,9;148;11,6;195;37,8;11,0;9,6;4,9;6,0;68,5;0,0;1,5;20,7;24,8;20,0;12,5;7,4;13,0
Velike Lašče;134;25,1;25,1;26,3;128;33,6;171;33,0;13,2;8,8;4,9;6,9;66,2;0,0;2,0;25,7;25,2;18,7;11,4;6,4;10,5
Veržej;188;7,7;7,7;7,8;129;10,5;176;33,6;16,8;16,3;7,4;7,1;52,4;0,0;1,6;23,6;26,0;19,7;11,9;6,6;10,6
Videm;135;28,1;28,1;29,6;129;39,3;180;31,6;17,9;8,9;4,1;9,5;59,6;0,0;1,9;25,8;26,3;19,0;11,1;6,1;9,9
Vipava;136;27,8;27,8;30,7;111;37,9;151;36,3;15,1;9,4;11,0;6,7;57,8;0,0;1,8;22,1;24,4;19,7;12,5;7,1;12,5
Vitanje;137;10,5;10,5;10,5;130;14,0;173;39,7;13,4;9,9;7,9;8,8;59,7;0,2;1,5;20,0;23,7;19,7;13,0;7,8;14,2
Vodice;138;25,3;25,3;28,4;116;36,1;165;23,8;21,0;13,0;8,7;9,0;48,4;0,0;2,5;32,5;27,9;17,2;9,0;4,5;6,5
Vojnik;139;41,7;41,7;45,1;117;57,3;161;29,5;16,1;9,8;9,3;7,8;56,5;0,6;2,3;27,4;26,2;18,5;10,7;5,7;9,2
Vransko;189;12,5;12,5;12,8;119;16,6;158;36,4;12,1;8,1;7,7;7,1;57,0;8,1;2,0;22,2;24,5;19,5;12,3;7,1;12,6
Vrhnika;140;70,2;70,2;74,4;112;100,0;159;31,9;21,0;11,7;19,2;6,4;41,6;0,1;2,1;25,0;25,8;18,8;11,2;6,3;10,9
Vuzenica;141;13,0;12,9;13,0;127;18,4;180;38,8;19,1;12,0;5,0;8,0;54,1;1,9;1,5;20,2;23,9;20,2;13,1;7,6;13,5
Zagorje ob Savi;142;69,6;64,2;69,6;126;93,3;168;44,7;13,6;11,0;8,8;9,7;46,0;10,8;1,4;15,9;22,0;20,1;14,0;8,7;17,9
Zavrč;143;7,5;7,5;7,9;132;9,8;173;36,1;10,5;4,6;5,4;8,8;70,7;0,0;1,6;22,7;24,9;19,5;12,0;6,8;12,4
Zreče;144;29,5;29,5;31,2;122;39,7;165;33,0;13,7;9,2;9,3;6,2;51,7;9,9;1,7;23,2;26,1;19,9;11,8;6,5;10,8
Črenšovci;15;22,8;22,8;23,0;138;30,9;187;33,7;14,3;10,6;4,3;8,7;62,0;0,1;1,6;23,4;26,2;19,9;11,8;6,5;10,6
Črna na Koroškem;16;13,8;13,1;13,8;115;18,8;156;50,0;14,6;6,9;15,2;5,8;45,3;12,3;1,2;13,3;19,7;19,3;14,4;9,7;22,4
Črnomelj;17;74,4;71,4;74,4;133;97,4;174;40,3;10,0;7,5;2,3;6,4;67,1;6,7;1,5;19,1;23,7;20,1;13,2;7,9;14,6
Šalovci;33;9,7;8,5;9,7;143;13,2;194;49,8;13,8;4,4;6,5;5,7;68,8;0,8;1,2;14,6;19,8;20,1;15,3;10,0;19,0
Šempeter-Vrtojba;183;31,9;29,7;31,9;129;43,2;175;44,2;15,6;11,3;14,6;11,0;46,0;1,7;1,4;16,5;22,1;20,3;14,1;8,7;16,9
Šentilj;118;41,6;41,6;45,0;121;57,2;166;30,9;15,8;8,9;5,2;9,6;53,3;7,3;1,9;25,7;26,7;18,8;11,0;6,0;10,0
Šentjernej;119;33,5;33,5;37,0;122;45,0;163;27,6;12,9;7,7;3,9;6,2;69,1;0,2;2,1;28,4;27,6;18,4;10,1;5,3;8,1
Šentjur;120;90,8;90,8;94,4;129;118,6;169;32,7;11,0;9,8;10,2;7,0;61,2;0,7;1,8;24,7;26,1;19,2;11,4;6,3;10,6
Šentrupert;211;12,2;12,2;15,3;107;17,1;151;22,9;18,1;7,5;5,4;7,5;61,5;0,0;2,3;33,0;28,3;17,2;8,8;4,3;6,1
Šenčur;117;38,3;38,3;42,7;113;56,2;166;26,7;24,1;14,3;6,2;9,3;46,1;0,2;2,3;28,7;27,7;18,4;9,9;5,1;7,8
Škocjan;121;16,8;16,8;18,4;125;21,9;163;30,0;9,7;5,2;4,9;3,9;76,3;0,0;1,9;26,7;26,9;19,0;10,7;5,7;9,0
Škofja Loka;122;93,7;93,7;97,8;113;132,1;160;33,7;19,1;9,1;13,5;8,5;40,6;9,3;1,9;22,9;25,6;19,5;11,7;6,6;11,7
Škofljica;123;46,5;46,5;53,5;106;66,0;151;23,5;21,0;12,0;20,3;8,7;38,0;0,1;2,3;30,1;29,3;17,9;9,1;4,6;6,6
Šmarje pri Jelšah;124;51,4;51,4;55,0;127;69,3;171;31,2;13,7;9,7;4,2;6,7;65,5;0,2;1,8;25,5;26,6;19,1;11,0;6,0;9,9
Šmarješke Toplice;206;16,8;16,8;19,9;113;22,8;154;24,3;15,1;8,4;9,0;8,7;58,8;0,0;2,2;30,5;28,7;18,1;9,4;4,6;6,5
Šmartno ob Paki;125;15,9;15,9;16,5;124;21,7;169;31,2;16,1;15,4;4,8;7,0;56,7;0,0;1,9;26,4;26,2;18,5;10,8;5,9;10,2
Šmartno pri Litiji;194;23,9;23,9;25,2;124;32,7;169;32,3;15,4;10,6;3,9;6,4;63,5;0,2;1,8;25,0;26,1;19,0;11,3;6,3;10,6
Šoštanj;126;37,4;37,4;37,5;119;51,2;163;37,6;14,8;10,8;2,7;3,3;51,5;16,9;1,6;21,1;24,3;19,2;12,4;7,4;13,9
Štore;127;17,8;16,0;17,8;127;23,3;167;45,0;11,3;9,1;14,4;5,7;55,6;3,9;1,3;16,2;22,1;19,2;13,4;8,6;19,2
Žalec;190;99,5;97,9;99,5;125;133,1;167;38,3;13,9;10,8;14,8;8,7;43,0;8,8;1,7;20,2;24,3;19,7;12,5;7,4;14,2
Železniki;146;31,5;30,1;31,5;131;41,2;171;43,1;9,5;5,1;3,9;6,1;66,0;9,4;1,4;17,7;22,4;20,1;13,8;8,4;16,1
Žetale;191;6,5;6,5;6,7;139;8,7;186;32,6;13,1;5,4;8,4;7,9;65,2;0,0;1,8;24,3;26,6;19,6;11,5;6,3;10,0
Žiri;147;24,7;24,6;24,7;127;33,0;169;37,8;13,0;7,6;4,7;11,7;62,6;0,4;1,6;21,3;24,2;19,8;12,8;7,5;12,9
Žirovnica;192;23,3;23,3;24,3;125;32,2;172;33,9;18,0;13,7;18,5;9,3;40,5;0,0;1,7;23,6;25,8;19,5;11,7;6,5;11,2
Žužemberk;193;26,4;26,4;26,7;132;34,8;174;36,6;10,4;3,9;3,9;5,6;75,7;0,4;1,7;22,6;24,3;19,5;12,4;7,2;12,2
