regija;občin;prebivalci;stavbe;površina (tisoč m²);raba končne energije (GWh);od tega stanovanjske (GWh);emisije TGP (kt CO2 ekv.);delež OVE (%);raba končne energije na prebivalca (MWh);stanovanjska površina med 43 % najmanj učinkovitih (%);potrebna prenova 2026–2030 (m²/leto);naložbe (€/leto);stopnja prenove 2023–2025 (%/leto);zahtevana stopnja (%/leto);tempo prenove
Pomurska;27;112740;44929;5989,7;845,3;621,0;118,08;60,2;7,5;38,2;137100;52900000;0,97;2,3;pod ciljem
Podravska;41;332747;99783;16448,0;2056,9;1487,0;336,94;52,2;6,18;35,3;387000;147300000;0,85;2,36;pod ciljem
Koroška;12;70174;19457;3355,1;414,0;312,3;59,07;59,0;5,9;37,1;78900;30000000;0,85;2,35;pod ciljem
Savinjska;31;263107;76853;12166,2;1608,0;1134,2;244,47;54,7;6,11;38,2;283600;109700000;1,12;2,35;na poti
Zasavska;4;56927;13558;2341,4;289,2;226,8;43,08;57,7;5,08;45,9;56000;20800000;0,98;2,39;pod ciljem
Posavska;6;76028;28614;3813,8;520,7;384,09999999999997;74,6;58,6;6,85;38,2;88400;33900000;0,7;2,31;pod ciljem
Jugovzhodna Slovenija;21;148903;51234;7147,9;928,7;701,5;114,55000000000001;66,1;6,24;34,5;165500;62900000;0,61;2,31;pod ciljem
Osrednjeslovenska;25;573209;117261;27405,6;3345,8;2155,1;648,58;39,7;5,84;37,5;650800;255700000;1,57;2,42;na poti
Gorenjska;18;209939;53862;9912,0;1244,2;892,5;206,82999999999998;50,5;5,93;38,1;232400;89000000;1,05;2,36;pod ciljem
Primorsko-notranjska;6;53458;17111;2767,1;338,40000000000003;252,8;40,07;68,3;6,33;39,6;64800;24600000;0,75;2,33;pod ciljem
Goriška;13;117783;40235;6447,3;840,6;615,7;113,03;61,7;7,14;44,4;150100;57700000;0,76;2,33;pod ciljem
Obalno-kraška;8;120092;34468;6467,3;781,4000000000001;533,5;142,59;47,5;6,51;39,5;151600;59400000;0,94;2,39;pod ciljem
