vrsta stavb;iz leta;iz razreda;v leto;v razred;primarna energija [GWh/leto]
Enostanovanjske hiše;2025;G;2030;G;16,87
Enostanovanjske hiše;2025;G;2030;B2;8,28
Enostanovanjske hiše;2025;G;2030;B1;12,46
Enostanovanjske hiše;2025;G;2030;A2;5,64
Enostanovanjske hiše;2025;G;2030;A1;2,16
Enostanovanjske hiše;2025;F;2030;F;359,92
Enostanovanjske hiše;2025;F;2030;B2;35,35
Enostanovanjske hiše;2025;F;2030;B1;53,65
Enostanovanjske hiše;2025;F;2030;A2;24,29
Enostanovanjske hiše;2025;E;2030;E;1223,31
Enostanovanjske hiše;2025;E;2030;B2;56,49
Enostanovanjske hiše;2025;E;2030;B1;86,26
Enostanovanjske hiše;2025;E;2030;A2;39,03
Enostanovanjske hiše;2025;D;2030;D;2008,76
Enostanovanjske hiše;2025;C;2030;C;1936,57
Enostanovanjske hiše;2025;B2;2030;B2;1840,7
Enostanovanjske hiše;2025;B1;2030;B1;1103,11
Enostanovanjske hiše;2025;A2;2030;A2;357,13
Enostanovanjske hiše;2025;A1;2030;A1;156,94
Enostanovanjske hiše;2030;G;2035;G;2,82
Enostanovanjske hiše;2030;G;2035;B2;0,52
Enostanovanjske hiše;2030;G;2035;B1;0,81
Enostanovanjske hiše;2030;G;2035;A2;0,51
Enostanovanjske hiše;2030;G;2035;A1;0,27
Enostanovanjske hiše;2030;F;2035;F;117,51
Enostanovanjske hiše;2030;F;2035;B2;13,0
Enostanovanjske hiše;2030;F;2035;B1;22,08
Enostanovanjske hiše;2030;F;2035;A2;13,69
Enostanovanjske hiše;2030;F;2035;A1;7,14
Enostanovanjske hiše;2030;E;2035;E;773,99
Enostanovanjske hiše;2030;E;2035;B2;31,65
Enostanovanjske hiše;2030;E;2035;B1;54,68
Enostanovanjske hiše;2030;E;2035;A2;33,86
Enostanovanjske hiše;2030;D;2035;D;1633,62
Enostanovanjske hiše;2030;D;2035;B2;33,96
Enostanovanjske hiše;2030;D;2035;B1;59,47
Enostanovanjske hiše;2030;D;2035;A2;36,79
Enostanovanjske hiše;2030;C;2035;C;1717,64
Enostanovanjske hiše;2030;B2;2035;B2;2019,6
Enostanovanjske hiše;2030;B1;2035;B1;1377,14
Enostanovanjske hiše;2030;A2;2035;A2;481,09
Enostanovanjske hiše;2030;A1;2035;A1;204,32
Enostanovanjske hiše;2035;G;2040;G;0,0
Enostanovanjske hiše;2035;G;2040;B2;0,06
Enostanovanjske hiše;2035;G;2040;B1;0,14
Enostanovanjske hiše;2035;G;2040;A2;0,11
Enostanovanjske hiše;2035;G;2040;A1;0,08
Enostanovanjske hiše;2035;F;2040;F;38,82
Enostanovanjske hiše;2035;F;2040;B2;2,73
Enostanovanjske hiše;2035;F;2040;B1;6,48
Enostanovanjske hiše;2035;F;2040;A2;4,64
Enostanovanjske hiše;2035;F;2040;A1;3,43
Enostanovanjske hiše;2035;E;2040;E;391,91
Enostanovanjske hiše;2035;E;2040;B2;16,8
Enostanovanjske hiše;2035;E;2040;B1;42,23
Enostanovanjske hiše;2035;E;2040;A2;30,08
Enostanovanjske hiše;2035;D;2040;D;1240,83
Enostanovanjske hiše;2035;D;2040;B2;22,1
Enostanovanjske hiše;2035;D;2040;B1;56,5
Enostanovanjske hiše;2035;D;2040;A2;40,21
Enostanovanjske hiše;2035;C;2040;C;1486,07
Enostanovanjske hiše;2035;B2;2040;B2;2128,69
Enostanovanjske hiše;2035;B1;2040;B1;1567,28
Enostanovanjske hiše;2035;A2;2040;A2;598,74
Enostanovanjske hiše;2035;A1;2040;A1;265,73
Enostanovanjske hiše;2040;G;2045;B2;0,0
Enostanovanjske hiše;2040;G;2045;B1;0,0
Enostanovanjske hiše;2040;G;2045;A2;0,0
Enostanovanjske hiše;2040;F;2045;F;15,75
Enostanovanjske hiše;2040;F;2045;B2;0,65
Enostanovanjske hiše;2040;F;2045;B1;1,66
Enostanovanjske hiše;2040;F;2045;A2;1,36
Enostanovanjske hiše;2040;F;2045;A1;1,23
Enostanovanjske hiše;2040;E;2045;E;195,16
Enostanovanjske hiše;2040;E;2045;B2;7,02
Enostanovanjske hiše;2040;E;2045;B1;19,2
Enostanovanjske hiše;2040;E;2045;A2;15,41
Enostanovanjske hiše;2040;E;2045;A1;13,96
Enostanovanjske hiše;2040;D;2045;D;861,79
Enostanovanjske hiše;2040;D;2045;B2;17,09
Enostanovanjske hiše;2040;D;2045;B1;48,45
Enostanovanjske hiše;2040;D;2045;A2;38,82
Enostanovanjske hiše;2040;C;2045;C;1279,87
Enostanovanjske hiše;2040;B2;2045;B2;2196,47
Enostanovanjske hiše;2040;B1;2045;B1;1728,4
Enostanovanjske hiše;2040;A2;2045;A2;706,7
Enostanovanjske hiše;2040;A1;2045;A1;344,33
Enostanovanjske hiše;2045;F;2050;F;4,62
Enostanovanjske hiše;2045;F;2050;B2;0,23
Enostanovanjske hiše;2045;F;2050;B1;0,71
Enostanovanjske hiše;2045;F;2050;A2;0,64
Enostanovanjske hiše;2045;F;2050;A1;0,7
Enostanovanjske hiše;2045;E;2050;E;94,95
Enostanovanjske hiše;2045;E;2050;B2;2,74
Enostanovanjske hiše;2045;E;2050;B1;8,68
Enostanovanjske hiše;2045;E;2050;A2;7,56
Enostanovanjske hiše;2045;E;2050;A1;8,34
Enostanovanjske hiše;2045;D;2050;D;502,97
Enostanovanjske hiše;2045;D;2050;B2;12,17
Enostanovanjske hiše;2045;D;2050;B1;41,25
Enostanovanjske hiše;2045;D;2050;A2;35,72
Enostanovanjske hiše;2045;C;2050;C;1006,52
Enostanovanjske hiše;2045;B2;2050;B2;2235,27
Enostanovanjske hiše;2045;B1;2050;B1;1837,94
Enostanovanjske hiše;2045;A2;2050;A2;794,53
Enostanovanjske hiše;2045;A1;2050;A1;424,02
Večstanovanjske stavbe;2025;G;2030;B2;0,79
Večstanovanjske stavbe;2025;G;2030;B1;1,07
Večstanovanjske stavbe;2025;G;2030;A2;0,64
Večstanovanjske stavbe;2025;G;2030;A1;0,27
Večstanovanjske stavbe;2025;F;2030;F;3,27
Večstanovanjske stavbe;2025;F;2030;B2;5,44
Večstanovanjske stavbe;2025;F;2030;B1;7,33
Večstanovanjske stavbe;2025;F;2030;A2;4,44
Večstanovanjske stavbe;2025;F;2030;A1;1,87
Večstanovanjske stavbe;2025;E;2030;E;60,66
Večstanovanjske stavbe;2025;E;2030;B2;11,25
Večstanovanjske stavbe;2025;E;2030;B1;15,05
Večstanovanjske stavbe;2025;E;2030;A2;9,14
Večstanovanjske stavbe;2025;D;2030;D;199,16
Večstanovanjske stavbe;2025;D;2030;B2;12,72
Večstanovanjske stavbe;2025;D;2030;B1;16,62
Večstanovanjske stavbe;2025;D;2030;A2;10,08
Večstanovanjske stavbe;2025;D;2030;A1;4,27
Večstanovanjske stavbe;2025;C;2030;C;335,6
Večstanovanjske stavbe;2025;B2;2030;B2;480,48
Večstanovanjske stavbe;2025;B1;2030;B1;251,68
Večstanovanjske stavbe;2025;A2;2030;A2;108,19
Večstanovanjske stavbe;2025;A1;2030;A1;54,06
Večstanovanjske stavbe;2030;F;2035;B2;0,21
Večstanovanjske stavbe;2030;F;2035;B1;0,33
Večstanovanjske stavbe;2030;F;2035;A2;0,27
Večstanovanjske stavbe;2030;F;2035;A1;0,15
Večstanovanjske stavbe;2030;E;2035;E;17,94
Večstanovanjske stavbe;2030;E;2035;B2;3,34
Večstanovanjske stavbe;2030;E;2035;B1;5,43
Večstanovanjske stavbe;2030;E;2035;A2;4,55
Večstanovanjske stavbe;2030;E;2035;A1;2,56
Večstanovanjske stavbe;2030;D;2035;D;123,91
Večstanovanjske stavbe;2030;D;2035;B2;6,47
Večstanovanjske stavbe;2030;D;2035;B1;10,33
Večstanovanjske stavbe;2030;D;2035;A2;8,78
Večstanovanjske stavbe;2030;D;2035;A1;4,97
Večstanovanjske stavbe;2030;C;2035;C;264,66
Večstanovanjske stavbe;2030;B2;2035;B2;523,32
Večstanovanjske stavbe;2030;B1;2035;B1;307,44
Večstanovanjske stavbe;2030;A2;2035;A2;141,76
Večstanovanjske stavbe;2030;A1;2035;A1;68,21
Večstanovanjske stavbe;2035;E;2040;E;1,76
Večstanovanjske stavbe;2035;E;2040;B2;0,73
Večstanovanjske stavbe;2035;E;2040;B1;1,81
Večstanovanjske stavbe;2035;E;2040;A2;1,68
Večstanovanjske stavbe;2035;E;2040;A1;1,32
Večstanovanjske stavbe;2035;D;2040;D;60,13
Večstanovanjske stavbe;2035;D;2040;B2;3,17
Večstanovanjske stavbe;2035;D;2040;B1;7,98
Večstanovanjske stavbe;2035;D;2040;A2;7,71
Večstanovanjske stavbe;2035;D;2040;A1;6,13
Večstanovanjske stavbe;2035;C;2040;C;180,72
Večstanovanjske stavbe;2035;C;2040;B2;6,4
Večstanovanjske stavbe;2035;C;2040;B1;13,62
Večstanovanjske stavbe;2035;C;2040;A2;12,16
Večstanovanjske stavbe;2035;C;2040;A1;9,42
Večstanovanjske stavbe;2035;B2;2040;B2;541,18
Večstanovanjske stavbe;2035;B1;2040;B1;335,6
Večstanovanjske stavbe;2035;A2;2040;A2;165,65
Večstanovanjske stavbe;2035;A1;2040;A1;81,75
Večstanovanjske stavbe;2040;E;2045;B2;0,06
Večstanovanjske stavbe;2040;E;2045;B1;0,16
Večstanovanjske stavbe;2040;E;2045;A2;0,18
Večstanovanjske stavbe;2040;E;2045;A1;0,17
Večstanovanjske stavbe;2040;D;2045;D;13,76
Večstanovanjske stavbe;2040;D;2045;B2;1,88
Večstanovanjske stavbe;2040;D;2045;B1;4,9
Večstanovanjske stavbe;2040;D;2045;A2;5,47
Večstanovanjske stavbe;2040;D;2045;A1;5,39
Večstanovanjske stavbe;2040;C;2045;C;103,18
Večstanovanjske stavbe;2040;C;2045;B2;3,94
Večstanovanjske stavbe;2040;C;2045;B1;10,44
Večstanovanjske stavbe;2040;C;2045;A2;12,11
Večstanovanjske stavbe;2040;C;2045;A1;12,01
Večstanovanjske stavbe;2040;B2;2045;B2;551,48
Večstanovanjske stavbe;2040;B1;2045;B1;359,01
Večstanovanjske stavbe;2040;A2;2045;A2;187,2
Večstanovanjske stavbe;2040;A1;2045;A1;98,62
Večstanovanjske stavbe;2045;D;2050;B2;0,43
Večstanovanjske stavbe;2045;D;2050;B1;1,27
Večstanovanjske stavbe;2045;D;2050;A2;1,49
Večstanovanjske stavbe;2045;D;2050;A1;1,85
Večstanovanjske stavbe;2045;C;2050;C;26,27
Večstanovanjske stavbe;2045;C;2050;B2;3,98
Večstanovanjske stavbe;2045;C;2050;B1;10,78
Večstanovanjske stavbe;2045;C;2050;A2;10,76
Večstanovanjske stavbe;2045;C;2050;A1;12,04
Večstanovanjske stavbe;2045;B2;2050;B2;557,37
Večstanovanjske stavbe;2045;B1;2050;B1;374,5
Večstanovanjske stavbe;2045;A2;2050;A2;204,95
Večstanovanjske stavbe;2045;A1;2050;A1;116,19
