serija;scenarij;leto;vrednost
fe_index;S0;2025;100
fe_index;S0;2030;95
fe_index;S0;2040;86
fe_index;S0;2050;79
fe_index;S1;2025;100
fe_index;S1;2030;86
fe_index;S1;2040;66
fe_index;S1;2050;57
fe_index;S2;2025;100
fe_index;S2;2030;84
fe_index;S2;2040;62
fe_index;S2;2050;52
pe_res_fixed_index;S0;2025;100,0
pe_res_fixed_index;S0;2030;96,7
pe_res_fixed_index;S0;2035;93,6
pe_res_fixed_index;S0;2040;90,7
pe_res_fixed_index;S0;2045;88,1
pe_res_fixed_index;S0;2050;85,7
pe_res_fixed_index;S1;2025;100,0
pe_res_fixed_index;S1;2030;89,5
pe_res_fixed_index;S1;2035;82,2
pe_res_fixed_index;S1;2040;77,0
pe_res_fixed_index;S1;2045;73,2
pe_res_fixed_index;S1;2050;70,1
pe_res_fixed_index;S2;2025;100,0
pe_res_fixed_index;S2;2030;87,0
pe_res_fixed_index;S2;2035;78,5
pe_res_fixed_index;S2;2040;72,1
pe_res_fixed_index;S2;2045;67,4
pe_res_fixed_index;S2;2050;63,9
worst_fg_share_pct;S0;2025;9,6
worst_fg_share_pct;S0;2030;4,4
worst_fg_share_pct;S0;2035;3,3
worst_fg_share_pct;S0;2040;2,7
worst_fg_share_pct;S0;2045;2,0
worst_fg_share_pct;S0;2050;1,5
worst_fg_share_pct;S1;2025;9,6
worst_fg_share_pct;S1;2030;3,0
worst_fg_share_pct;S1;2035;1,7
worst_fg_share_pct;S1;2040;0,8
worst_fg_share_pct;S1;2045;0,1
worst_fg_share_pct;S1;2050;0,0
worst_fg_share_pct;S2;2025;9,6
worst_fg_share_pct;S2;2030;2,9
worst_fg_share_pct;S2;2035;1,4
worst_fg_share_pct;S2;2040;0,7
worst_fg_share_pct;S2;2045;0,0
worst_fg_share_pct;S2;2050;0,0
