kazalnik;enota;sektor;2023;2030;2040;2050
koncna_energija;ktoe;Enodružinske stavbe;624,8;489,4;396,3;357,3
koncna_energija;ktoe;Večstanovanjske stavbe;189,4;168,8;149,9;138,1
koncna_energija;ktoe;Stavbe javnega sektorja;131,5;123,8;115,5;107,8
koncna_energija;ktoe;Stavbe zasebnega storitvenega sektorja;203,8;193,8;190,6;188,8
koncna_energija;ktoe;Stanovanjski sektor skupaj;814,2;658,2;546,3;495,5
koncna_energija;ktoe;Storitveni sektor skupaj;335,3;317,5;306,1;296,6
koncna_energija;ktoe;Stavbe skupaj;1149,4;975,7;852,3;792
primarna_energija;ktoe;Enodružinske stavbe;842;659;537;471
primarna_energija;ktoe;Večstanovanjske stavbe;260;227;203;182
primarna_energija;ktoe;Stavbe javnega sektorja;196;173;159;140
primarna_energija;ktoe;Stavbe zasebnega storitvenega sektorja;367;315;294;270
primarna_energija;ktoe;Stanovanjski sektor skupaj;1102;886;740;654
primarna_energija;ktoe;Storitveni sektor skupaj;563;488;453;410
primarna_energija;ktoe;Stavbe skupaj;1665;1374;1194;1064
emisije;kt CO₂ ekv;Stanovanjski sektor skupaj;1308,9;1008,2;388,8;146
emisije;kt CO₂ ekv;Storitveni sektor skupaj;832,9;768,6;198;76,9
emisije;kt CO₂ ekv;Stavbe skupaj;2141,8;1776,7;586,8;222,9
ove;%;Stanovanjski sektor skupaj;60;67;75;78
ove;%;Storitveni sektor skupaj;33;50;68;76
ove;%;Stavbe skupaj;52;61;73;77
