kategorija;obdobje gradnje;število stavb;uporabna površina [mio m²]
Enostanovanjske hiše;do 1945;116500;11,22
Enostanovanjske hiše;1946–1970;103125;10,75
Enostanovanjske hiše;1971–1980;90109;10,2
Enostanovanjske hiše;1981–1990;83224;9,37
Enostanovanjske hiše;1991–2002;55689;6,43
Enostanovanjske hiše;2003–2010;36389;4,67
Enostanovanjske hiše;2011–2020;26932;3,67
Enostanovanjske hiše;po 2020;13111;1,99
Večstanovanjske stavbe;do 1945;9113;3,45
Večstanovanjske stavbe;1946–1970;7569;5,07
Večstanovanjske stavbe;1971–1980;4023;4,59
Večstanovanjske stavbe;1981–1990;2889;3,22
Večstanovanjske stavbe;1991–2002;1919;1,38
Večstanovanjske stavbe;2003–2010;2087;2,16
Večstanovanjske stavbe;2011–2020;840;0,85
Večstanovanjske stavbe;po 2020;892;1,13
Pisarne;do 1945;1773;1,02
Pisarne;1946–1970;2413;1,34
Pisarne;1971–1980;1918;1,34
Pisarne;1981–1990;1202;0,7
Pisarne;1991–2002;1846;1,1
Pisarne;2003–2010;1502;0,95
Pisarne;2011–2020;740;0,36
Pisarne;po 2020;445;0,28
Izobraževanje;do 1945;596;0,67
Izobraževanje;1946–1970;609;0,9
Izobraževanje;1971–1980;610;0,91
Izobraževanje;1981–1990;299;0,39
Izobraževanje;1991–2002;244;0,31
Izobraževanje;2003–2010;204;0,26
Izobraževanje;2011–2020;222;0,28
Izobraževanje;po 2020;100;0,13
Zdravstvo;do 1945;131;0,17
Zdravstvo;1946–1970;182;0,24
Zdravstvo;1971–1980;108;0,2
Zdravstvo;1981–1990;76;0,15
Zdravstvo;1991–2002;103;0,07
Zdravstvo;2003–2010;77;0,09
Zdravstvo;2011–2020;75;0,05
Zdravstvo;po 2020;42;0,04
Hoteli in gostinstvo;do 1945;1183;0,42
Hoteli in gostinstvo;1946–1970;718;0,37
Hoteli in gostinstvo;1971–1980;608;0,45
Hoteli in gostinstvo;1981–1990;540;0,22
Hoteli in gostinstvo;1991–2002;970;0,29
Hoteli in gostinstvo;2003–2010;429;0,29
Hoteli in gostinstvo;2011–2020;324;0,13
Hoteli in gostinstvo;po 2020;253;0,09
Trgovine;do 1945;1028;0,19
Trgovine;1946–1970;1192;0,47
Trgovine;1971–1980;1032;0,5
Trgovine;1981–1990;682;0,24
Trgovine;1991–2002;1494;0,98
Trgovine;2003–2010;876;1,51
Trgovine;2011–2020;422;0,5
Trgovine;po 2020;141;0,18
Šport;do 1945;74;0,05
Šport;1946–1970;211;0,14
Šport;1971–1980;257;0,19
Šport;1981–1990;165;0,1
Šport;1991–2002;311;0,27
Šport;2003–2010;204;0,29
Šport;2011–2020;155;0,16
Šport;po 2020;88;0,07
Drugo;do 1945;5758;1,37
Drugo;1946–1970;2187;0,71
Drugo;1971–1980;1242;0,39
Drugo;1981–1990;1299;0,3
Drugo;1991–2002;1668;0,67
Drugo;2003–2010;735;0,29
Drugo;2011–2020;705;0,18
Drugo;po 2020;486;0,12
