oznaka;skupina;ukrep;področja EPBD;nosilci;aktivnost;rok;kazalnik;ciljna vrednost
M19.1;Ukrepi NEPN 2024;Spremembe in dopolnitve predpisov za energetsko učinkovitost stavb;MEPS, TPS, GP, OH, OVE;MNVP, MzIE;Posodobitev pravilnika o učinkoviti rabi energije v stavbah (PURES) v skladu z Direktivo o energetski učinkovitosti stavb (EPBD). Podrobnosti ureja DSEPS.;2026;Priprava predpisa;2026: sprejetje PURES
M19.1;Ukrepi NEPN 2024;Spremembe in dopolnitve predpisov za energetsko učinkovitost stavb;MEPS, TPS, GP, OH, OVE;MKGP, MzIE;Priprava zakonske podlage za trajnostno rabo energije v stavbah in objektih, namenjenih kmetijstvu. / Opredelijo se tipi namenov rabe prostorov, ki so namenjeni kmetijstvu, pripravi se popis teh stavb, objektov in virov energije za delovanje tehničnih sistemov, določijo se kazalniki za stalno spremljanje učinkovitosti rabe ter načrt za zamenjavo tehnologij na fosilna goriva. / Podrobnosti ureja DSEPS.;2027;Priprava predpisa;2027: sprejetje predpisa
M19.2;Ukrepi NEPN 2024;Prenova stavb kulturne dediščine in drugih posebnih skupin stavb;MEPS, TPS, GP, OH, OVE;MK, MzIE, MKRR;Pripravijo se Smernice za usmerjeno financiranje celovitih prenov stavb kulturne dediščine. / Opravijo se analize potrebnega dodatnega oziroma prilagojenega financiranja celovitih prenov stavb kulturne dediščine. To zajema: / analizo izvedenih energetskih prenov iz vidika energijskih prihrankov, investicije, finančne konstrukcije in podobno, / pripravo meril za določanje upravičenih stroškov za energetsko prenovo teh skupin stavb in njihovo vključevanje v vse podporne instrumente, / zagotovitev financiranja v okviru kohezije, prilagojeno tem ciljnim skupinam (na primer tudi v ločenih razpisih oziroma pozivih) ter Podnebnega sklada. / Vzpostavitev informacijske točke za celovito prenovo stavb kulturne dediščine (energetska in snovna učinkovitost) (MK);2025;Priprava poročila / Posodobitev meril za financiranje;2025: priprava poročila / 2026: integracija meril v javne razpise za energetsko prenovo stavb
M19.2;Ukrepi NEPN 2024;Prenova stavb kulturne dediščine in drugih posebnih skupin stavb;MEPS, TPS, GP, OH, OVE;MK, MzIE, MKRR;Posodobijo se Smernice za prenovo stavb kulturne dediščine in v skladu s tem se pri energetski prenovi stavb kulturne dediščine smiselno upoštevajo ukrepi iz DSEPS za izboljšanje energetske učinkovitosti in rezultati CRP, ki je v pripravi (metodologija in usmeritve za umeščanje fotonapetostnih naprav na objekte v območjih naselbinske dediščine in drugo.;2025;Posodobljene smernice;2025: priprava smernic / 2026: sprejetje smernic
M19.3;Ukrepi NEPN 2024;Energetsko pogodbeništvo (EPO);GP, OSS, TO;MzIE, MKRR, MSP, / Eko sklad, SID banka;Nadaljevanje razvoja in implementacije obstoječih finančnih instrumentov in modelov financiranja: / oblikovanje ustreznih finančnih instrumentov za ponudnike storitev EPO (garancije, poplačilo investicije po računih za storitev energetske učinkovitosti, financiranje s kombinacijo nepovratnih in zasebnih sredstev oziroma finančnih instrumentov, vključno s financiranjem tehnične priprave projektov, zagotovitvijo ugodnega kreditiranje, izvedba EPO v okviru javnega naročanja), / podpreti razvoj EPO s primernimi podpornimi ukrepi, na primer usposabljanje, dodatna strokovna in tehnična pomoč pri pripravi projektov, program zagotavljanja kakovosti projektov EPO, priprava orodij za vrednotenje projektov EPO in tako dalje, / razširiti instrument iz javnega sektorja na druge sektorje, zlasti stanovanjskega, / vzpostaviti mehanizem za spodbujanje nastanka podjetij za energetske storitve, s posebno pozornostjo za mala in srednja podjetja (SID banka in drugi). / Ukrep se izvaja usklajeno z DSEPS.;2026;Pripravljeni finančni instrumenti / Izvedba razpisov z novimi finančnimi instrumenti;2025: poročilo o finančnih instrumentih / 2026: objavljen pilotni razpis
M19.4;Ukrepi NEPN 2024;Prehod na celovite prenove stavb;MEPS, GP, TPS, OVE, TO, OH, ER;MzIE, MNVP, MSP, Eko sklad,;Vzpostavitev ustreznega regulatornega okolja za trajnostno vrednotenje stavb (vzpostavitev sistema, shema certificiranja, usposabljanje, vzdrževanje sistema, financiranje). / Ukrep se izvaja usklajeno z DSEPS.;2026;Sprejetje zakonodaje, potrebne za trajnostno vrednotenje stavb;2025: osnutek / 2026: sprejetje
M19.4;Ukrepi NEPN 2024;Prehod na celovite prenove stavb;MEPS, GP, TPS, OVE, TO, OH, ER;MzIE, MNVP, MSP, Eko sklad,;Priprava podlag za spodbujanje in financiranje trajnostne prenove (ki poleg energetske prenove upoštevajo tudi vse druge pomembne kriterije prenove stavb: potresna in požarna varnost, problematika radona, vgradnja lesa in drugih trajnostnih materialov in podobno).;2026;Študija;2024: razpis za izvedbo študije / 2026: zaključek študije in sprejetje potrebnih nadaljnjih korakov
M19.4;Ukrepi NEPN 2024;Prehod na celovite prenove stavb;MEPS, GP, TPS, OVE, TO, OH, ER;MzIE, MNVP, MSP, Eko sklad,;Izvesti vzorčne projekte celovite prenove javnih stavb.;2026;Pilotni projekt;2026: zaključek pilotnega projekta
M19.4;Ukrepi NEPN 2024;Prehod na celovite prenove stavb;MEPS, GP, TPS, OVE, TO, OH, ER;MzIE, MNVP, MSP, Eko sklad,;Priprava načrta za trajnostno prenovo stavb, ki se osredotoča na celovito prenovo stavbe in upošteva vse vidike prenove (energijski, potresni, kulturne dediščine in drugo). / Načrt je pripravljen ločeno za stanovanjski in nestanovanjski sektor in zajema analizo tehničnega potenciala za prenovo v obziru doseganja zavezujočih podnebnih ciljev.;2026;Priprava strokovnih podlag;2024: objava razpisa za nalogo / 2026: zaključek naloge
M19.4;Ukrepi NEPN 2024;Prehod na celovite prenove stavb;MEPS, GP, TPS, OVE, TO, OH, ER;MzIE, MNVP, MSP, Eko sklad,;Uveljavitev izkaznice stavbe v skladu z zahtevami EPBD. / Podrobnosti ureja DSEPS.;2027;Priprava strokovnih podlag / Priprava predpisa;2025: zaključek naloge / 2027: sprejetje predpisa
M19.4;Ukrepi NEPN 2024;Prehod na celovite prenove stavb;MEPS, GP, TPS, OVE, TO, OH, ER;MzIE, MNVP, MSP, Eko sklad,;Priprava načrta za financiranje celovite prenove stavb, ki naslavlja finančni vidik celovite prenove ter išče dodatne vire financiranja ter predlaga nove finančne instrumente. / Ukrep se izvaja usklajeno z DSEPS.;2027;Priprava strokovnih podlag;2025: objava razpisa za nalogo / 2027: zaključek naloge
M19.4;Ukrepi NEPN 2024;Prehod na celovite prenove stavb;MEPS, GP, TPS, OVE, TO, OH, ER;MzIE, MNVP, MSP, Eko sklad,;Priprava predpisa na področju celovite prenove stavb, ki bo sistemsko naslavljal problem in bo temeljil na predhodnih strokovnih podlagah.;2029;Priprava predpisa;2029: sprejetje predpisa
M19.5;Ukrepi NEPN 2024;Finančne spodbude za energetsko učinkovitost in rabo OVE v stanovanjskih stavbah;MEPS, GP, TPS, OVE, TO, OH, ER;MzIE, Eko sklad;Priprava finančnega načrta spodbujanja ukrepov v gospodinjstvih, vključno z določitvijo virov financiranja, spodbujevalnih mehanizmov in ukrepov za odstranjevanje ključnih ovir ter organizacijo spodbujanja in zagotavljanjem pomoči po načelu vse na enem mestu. / Preuči se možnost spodbujanja postopne celovite prenove ter sprememba dodeljevanja nepovratnih sredstev glede na specifike posameznega gospodinjstva (premoženjski status idr.). / Podrobnosti ureja DSEPS.;2026;Sprememba dodeljevanja nepovratnih sredstev gospodinjstvom v eno- in dvostanovanjskih stavbah;2025: priprava finančnega načrta / 2026: objava javnega poziva s posodobljenimi merili
M19.5;Ukrepi NEPN 2024;Finančne spodbude za energetsko učinkovitost in rabo OVE v stanovanjskih stavbah;MEPS, GP, TPS, OVE, TO, OH, ER;MzIE, Eko sklad;Zagotovitev spodbud za pripravo projektov v stanovanjskem sektorju (s spodbujanjem za prijave na razpise tehnične pomoči institucij EU ali z domačo shemo), pri čemer je pod drobnogledom dodatno spodbujanje prenov večstanovanjskih stavb.;2025;Zagotovitev spodbud za pripravo projektov;2025: prijava na razpise tehnične pomoči
M19.5;Ukrepi NEPN 2024;Finančne spodbude za energetsko učinkovitost in rabo OVE v stanovanjskih stavbah;MEPS, GP, TPS, OVE, TO, OH, ER;MzIE, Eko sklad;"Izvedba demonstracijskih projektov; v tem okviru čim hitreje začeti z izvedbo projektov celovite energetske obnove večstanovanjskih stavb po merilih skoraj ničenergijske prenove, predvidenih za sofinanciranje v okviru OP EKP.";2026;Izvedba demonstracijskih projektov;2024: pilotni pozivi / 2026: zaključek pilotov
M19.5;Ukrepi NEPN 2024;Finančne spodbude za energetsko učinkovitost in rabo OVE v stanovanjskih stavbah;MEPS, GP, TPS, OVE, TO, OH, ER;Eko sklad;Razvoj instrumentov finančnih spodbud za izvedbo naložb v energetsko učinkovitost, znižanje končne rabe energije in v oskrbo z OVE v skladu z DSEPS.;2026;Priprava finančnih instrumentov;2025: začetek priprav / 2026: objava poziva z novimi instrumenti
M19.5;Ukrepi NEPN 2024;Finančne spodbude za energetsko učinkovitost in rabo OVE v stanovanjskih stavbah;MEPS, GP, TPS, OVE, TO, OH, ER;Eko sklad, MzIE;V okviru delovanja Eko sklada: / zagotoviti čim bolj enakomerno in usmerjeno izvajanje načrtovanih ukrepov v primernem obsegu, / poenostaviti administrativne postopke pri dodeljevanju spodbud, tudi z digitalizacijo delovanja, / ugotoviti druge ovire za povečanje izvajanja ukrepov v gospodinjstvih (na primer višina spodbude) in pripraviti odziv nanje, / analizirati potenciale za ukrepe glede URE in OVE, dosegljive s spodbujevalnimi mehanizmi v tem sektorju, / v sodelovanju z MzIE razviti in pripraviti nove finančne instrumente za stanovanjski sektor, / ciljno usmerjanje spodbud glede na določena območja prednostne rabe energije in energentov (na primer individualne spodbude za ogrevanje na OVE se ne delijo na območjih SDOH), / skupaj z lokalnimi energetskimi agencijami (LEA) in ENSVET razvijati nove poslovne modele za celovito prenovo stanovanjskih stavb na primer celovita prenova sosesk, / skupaj z Borzenom zagotoviti usklajeno in ciljno usmerjeno ozaveščanje in informiranje o URE in rabi OVE v gospodinjstvih.;Vsako leto;Izpopolnjevanje delovanja;Vsako leto v sklopu priprave letnega poročila
M19.5;Ukrepi NEPN 2024;Finančne spodbude za energetsko učinkovitost in rabo OVE v stanovanjskih stavbah;MEPS, GP, TPS, OVE, TO, OH, ER;Eko sklad, MzIE;Zagotovitev, da se spodbude Eko sklada bolj ciljno usmerjajo tudi v doseganje ciljnega deleža OVE, in s tem zagotovitev dodatne proizvodnje toplote in hladu iz OVE v stanovanjskem sektorju v skladu s cilji OVE. / Podrobnosti ureja DSEPS.;2025;Usmerjeno spodbujanje naložb;2024: začetek analize / 2025: javna objava / 2025: implementacija v obliki prilagojenega javnega poziva
M19.6;Ukrepi NEPN 2024;Instrumenti za financiranje prenove stavb z več lastniki;MEPS, GP, TPS, OVE, TO, OH, ER;Eko sklad, MzIE, MKRR, MSP;Nadaljevanje in nadgradnja izvajanja instrumenta (tudi v okviru projekta LIFE IP Care4Climate): / oblikovati in sprejeti zakonodajni okvir za izvajanje instrumenta, / preučiti in oblikovati ukrepe na podlagi Resolucije o nacionalnem stanovanjskem programu za spodbuditev celovite prenove večstanovanjskih stavb, / zagotoviti dodatna nepovratna finančna sredstva v kombinaciji različnih finančnih instrumentov za izvedbo celovitih prenov stavb. / Preučiti in implementirati v praksi v obliki javnih pozivov nove načine financiranja prenov večstanovanjskih stavb v obliki garancijskih shem in podobno. / Ukrep bo bolj podrobno obravnavala DSEPS.;2026;Spodbujanje prenov večstanovanjskih stavb;2024: objava javnega razpisa za študijo oblikovanja novih finančnih instrumentov za prenove večstanovanjskih stavb / 2026: objava javnih pozivov Eko sklada za finančne spodbude
M19.7;Ukrepi NEPN 2024;Obvezna delitev in obračun stroškov za toploto v večstanovanjskih stavbah;MEPS, TO;MzIE / MSP;Nadaljevanje izvajanja instrumenta / V letu 2025 se preveri, ali so potrebne posodobitve, in v skladu z ugotovitvami se izpeljejo ustrezni postopki.;2025;Preveritev posodobitve Pravilnika;2025: poročilo o preverbi
M19.8;Ukrepi NEPN 2024;Energetsko svetovalna mreža – ENSVET;OSS;MzIE, Eko sklad;Nadaljevanje in nadgradnja izvajanja instrumenta. / Razvoj instrumenta v obsegu iz DSEPS in okrepitev delovanja mreže ENSVET, vključno s širitvijo svetovanja za podjetja.;2027;Delovanje svetovalne mreže;2027: 15.000 aktivnosti v letnem poročilu Eko sklada
M19.9;Ukrepi NEPN 2024;Sheme povratnih sredstev za energetsko učinkovitost v gospodinjstvih: posojila Eko sklada in spodbude drugih ponudnikov zelenih posojil za stanovanjski sektor;MEPS, GP;Eko sklad, MzIE;Nadaljevanje izvajanja instrumenta in / Vzpostavitev novih finančnih instrumentov. Podrobnosti ureja DSEPS. / Glej tudi ukrep Error! Reference source not found..;2025;Posodobitev predpisa;2025: sprejetje predpisa
M19.10;Ukrepi NEPN 2024;Delitev spodbud med lastnike in najemnike;GP;MzIE, MSP;Preučitev mogočih rešitev za vzpostavitev instrumenta v stanovanjskem, javnem in storitvenem sektorju.;2025;Priprava strokovnih podlag;2025
M19.11;Ukrepi NEPN 2024;Vzpostavitev garancijske sheme in pridobitev evropskih sredstev;TPS, OH;Eko sklad, MzIE, MKRR;Oblikovanje garancijske sheme v sodelovanju s finančnimi institucijami v Sloveniji in EU (EIB) in pridobitev finančnih virov za implementacijo garancijske sheme v kombinaciji z obstoječimi finančnimi instrumenti. / Zagotovitev izvajanja instrumenta v sodelovanju s finančnimi institucijami (in pridobitev evropskih sredstev (v sodelovanju z EIB). / Podrobnosti ureja DSEPS.;2025;Priprava garancijske sheme za celovite prenove v stanovanjskem sektorju / Posodobitev predpisa / Izvajanje finančnega instrumenta;2024: priprava ex ante ocene finančnega instrumenta / 2025: sprejetje predpisa / 2026: pridobitev evropskih sredstev in razpis za finančnega posrednika / 2027: razpis za pridobitev finančnih sredstev
M19.12;Ukrepi NEPN 2024;Upravljanje z energijo v javnem sektorju;TPS, OH, OSS, OVE, KG, PTE, DOD;MzIE, MJU, MP, vsa ministrstva;Priprava strokovne podlage za Dolgoročno energetsko in podnebno strategijo javnega sektorja s programom upravljanja z energijo v javnem sektorju. / Podrobnosti ureja DSEPS.;2026;Strokovna podlaga;2026: zaključek naloge
M19.12;Ukrepi NEPN 2024;Upravljanje z energijo v javnem sektorju;TPS, OH, OSS, OVE, KG, PTE, DOD;MzIE, MJU, MP, vsa ministrstva;Zaključki strokovne podlage se prenesejo v posodobljeno uredbo, ki tudi zagotovi sistemsko zagotavljanje sredstev za namen delovanja sistema za upravljanje z energijo v javnem sektorju.;2027;Posodobitev predpisa;2027: sprejetje predpisa
M19.12;Ukrepi NEPN 2024;Upravljanje z energijo v javnem sektorju;TPS, OH, OSS, OVE, KG, PTE, DOD;MzIE, MJU, MP, vsa ministrstva;Vpeljava nove storitve RE-CO – Pregled in optimizacija delovanja že vzpostavljenih stavbnih sistemov, njihovih obratovalnih in vzdrževalnih postopkov ter medsebojnega vpliva z uporabniki stavbe s ciljem znižanja stroškov in rabe energije ter izboljšanja bivalnega ugodja.;2026;Vpeljana shema in subvencije za izvedbo;Najmanj deset izvedenih projektov v letu 2026
M19.12;Ukrepi NEPN 2024;Upravljanje z energijo v javnem sektorju;TPS, OH, OSS, OVE, KG, PTE, DOD;MzIE, MJU, MP, vsa ministrstva;Izboljšanje upravljanja z energijo v stavbah v državni lasti s pomočjo energetskega vodenja. / Namen projekta je opremiti javne zgradbe v upravljanju MJU s sistemi za spremljanje in beleženje rabe energije. Omogočeno bo spremljanje po vrsti in namenu rabe. Poudarek je na energiji, ki je potrebna za ogrevanje, hlajenje, prezračevanje, razsvetljavo in pripravo tople vode v stavbah.;2026;Poročilo;2026: zaključek projekta
M19.12;Ukrepi NEPN 2024;Upravljanje z energijo v javnem sektorju;TPS, OH, OSS, OVE, KG, PTE, DOD;MzIE, MJU, MP, vsa ministrstva;Tehnična in strokovna podpora JS o pomenu poročanja o podatkih stavb, večjih od 250m2 uporabne površine: / o tehničnih stavbnih sistemih in stanju stavbe, / o rabi letne energije za ogrevanje, hlajenje, električno energijo in toplo vodo, / o načrtovanih in izvedenih ukrepih na področju OVE in URE. / Podatki se zapisujejo v nacionalno aplikacijo za upravljanje z energijo v javnem sektorju – energetsko knjigovodstvo, ki je namenjena zavezancem (OJS in ŠJS) ter energetskim menedžerjem.;2025;Kampanja;Popis vseh javnih stavb do 11. oktobra 2025
M19.12;Ukrepi NEPN 2024;Upravljanje z energijo v javnem sektorju;TPS, OH, OSS, OVE, KG, PTE, DOD;MzIE, MJU, MP, vsa ministrstva;Urediti pravno razmerje med ministrstvom, pristojnim za energijo, in lokalnimi energetskimi organizacijami, kot imajo to urejeno regionalne razvojne agencije z ministrstvom na področju regionalnega razvoja, ter zagotoviti finančne vire za upravljanje z energijo v stavbah ŠJS in spodbujanje celovitih prenov stavb širšega javnega sektorja.;2027;Posodobitev predpisa;2027: sprejetje predpisa in financiranja po predpisu
M19.12;Ukrepi NEPN 2024;Upravljanje z energijo v javnem sektorju;TPS, OH, OSS, OVE, KG, PTE, DOD;MzIE, MJU, MP, vsa ministrstva;Zapolnitev vrzeli v organiziranosti in zagotovitev ustreznih človeških (energetski upravljavci/ke) in finančnih virov za izvajanje upravljanja z energijo v stavbah OJS in spodbujanja trajnostnih prenov stavb ožjega javnega sektorja. / Podrobnosti ureja DSEPS.;2028;Ustanovitev energetske pisarne OJS;2024: zagotovitev kadrov in financiranja skozi predpis
M19.13;Ukrepi NEPN 2024;Sheme povratnih sredstev za energetsko učinkovitost v javnem sektorju;TPS, OH;MzIE, MJU, Eko sklad;Nadaljevanje in nadgradnja izvajanja instrumenta: / izboljšati spremljanje učinkov naložb, ki prejmejo kredite (Eko sklad in drugo) za zmanjšanje rabe energije in emisij TGP, ter povečanje proizvodnje energije iz OVE. / Zagotovitev sistemskega finančnega vira se preuči v DSEPS. / Glej tudi ukrep Error! Reference source not found..;2025;Usmerjeno spodbujanje naložb;2024: začetek analize / 2026: implementacija
M19.14;Ukrepi NEPN 2024;Nepovratne investicijske finančne spodbude za energetsko sanacijo stavb v javnem sektorju, usmerjene v povečanje deleža projektov izvedenih z energetskim pogodbeništvom;OH, TPS;MzIE;Zagotoviti stalnost nepovratnih sredstev za spodbujanje naložb energetske prenove javnih stavb in v tem okviru z ustreznim načrtovanjem javnih razpisov oziroma povabil čim bolj enakomerno in predvidljivo dinamiko izvajanja naložb, med katere spada tudi napredno upravljanje sistemov v stavbah in na njih.;vsako leto;Stalnost financiranja;Aktualni razpisi
M19.14;Ukrepi NEPN 2024;Nepovratne investicijske finančne spodbude za energetsko sanacijo stavb v javnem sektorju, usmerjene v povečanje deleža projektov izvedenih z energetskim pogodbeništvom;OH, TPS;MzIE;Spodbuditi pripravo projektov v okviru pridobljenih in dodatnih sredstev mednarodne tehnične pomoči ELENA za energetsko prenovo stavb ožjega in širšega javnega sektorja. / (Glej tudi Error! Reference source not found. in Error! Reference source not found..);2026;Zagotovitev finančne pomoči za pripravo projektov;2026: prijava na razpis ELENA
M19.14;Ukrepi NEPN 2024;Nepovratne investicijske finančne spodbude za energetsko sanacijo stavb v javnem sektorju, usmerjene v povečanje deleža projektov izvedenih z energetskim pogodbeništvom;OH, TPS;MzIE;Okrepiti aktivnosti na področju izobraževanja in usposabljanja vseh vključenih v pripravo in izvedbo projektov energetske prenove stavb.;2027;Izobraževanje;2024‒2027: 200 udeležencev na izobraževanjih v okviru organizacije PP-EPS
M19.15;Ukrepi NEPN 2024;Zagotavljanje kakovosti projektov energetske prenove stavb;TPS, GP;MzIE;Zagotovitev nadgradnje sistema zagotavljanja kakovosti energetske prenove stavb v okviru strukturiranega procesa sodelovanja deležnikov, certificiranje izvajalcev in procesov, izobraževanje oziroma usposabljanje deležnikov v skladu z DSEPS.;2024;Opredelitev ukrepa v prenovi DSEPS;
M19.16;Ukrepi NEPN 2024;Projektna pisarna za celovito prenovo javnih stavb;TPS, OSS;MzIE;Zagotovitev ustreznih človeških in finančnih virov za izvajanje dodatnih nalog pisarne. / To obsega tudi krepitev priprave projektov celovite prenove javnih stavb, in sicer tako s pripravo sheme, v okviru katere bodo na voljo spodbude za pripravo projektov, kakor tudi z ozaveščanjem in usposabljanjem oseb, odgovornih za celovito prenovo na vseh ravneh za pripravo in izvedbo projektov v stavbah javnega sektorja (gradbeno in energetsko). / Ukrep se izvaja usklajeno z DSEPS.;2026;Krepitev delovanja pisarne;2025: načrt dodatnega delovanja PP-EPS / 2025: zagotovitev dodatnega financiranja PP-EPS po predpisu / 2026: vsaj osem zaposlenih v PP-EPS
M19.16;Ukrepi NEPN 2024;Projektna pisarna za celovito prenovo javnih stavb;TPS, OSS;MzIE;Spodbude v okviru razpisov/povabil OP EKP bolj ciljno usmerjati tudi v doseganje ciljnega deleža OVE in s tem zagotoviti dodatno proizvodnjo toplote iz OVE v javnem sektorju v skladu s cilji glede OVE.;2025;Sprememba javnih razpisov;2025: objavljeni javni razpisi imajo več poudarka na OVE
M19.17;Ukrepi NEPN 2024;Program opuščanja rabe fosilnih goriv v stavbah;OH;MzIE;Na podlagi NEPN in prednostnih usmeritev glede virov in tehnologij ogrevanja in hlajenja v skladu z veljavno zakonodajo se pripravi program opuščanja uporabe fosilnih goriv do leta 2050 za potrebe različnih deležnikov oziroma tipologij stavb. / Program vsebuje načrt, kako se bodo usmeritve prenesle v zakonodajo za implementacijo, vrste spodbud na državni in lokalni ravni ter način izvajanja, da se do leta 2050 razogljiči stavbni fond. / Poudarek bo tudi na javnem sektorju, ki mora v skladu s 5. členom EED izboljšati energetsko učinkovitost stavb tudi z zamenjavo starih in neučinkovitih grelnikov.;2025;Program;2025: sprejetje programa
M19.17;Ukrepi NEPN 2024;Program opuščanja rabe fosilnih goriv v stavbah;OH;MzIE;Spodbujanje opuščanja rabe fosilnih goriv v stavbah s programiranjem skrajnih rokov in ukrepov, vezanih na prepoved prodaje in vgradnje kotlov na fosilna goriva. Glej tudi ukrep Error! Reference source not found.. / Ukrep se izvede v skladu z DSEPS, ki ureja podrobnosti, ter razvojem SDOH (spodbude se ne usmerjajo na območja oskrbe z daljinsko toploto oziroma se na teh območjih spodbujajo priklopi na SDOH).;;;
M19.17;Ukrepi NEPN 2024;Program opuščanja rabe fosilnih goriv v stavbah;OH;MzIE, Eko sklad;Okrepitev nepovratnih investicijskih spodbud in vzpostavitev dodatnih finančnih instrumentov za zamenjavo sistemov ogrevanja, ki uporabljajo fosilna goriva, z učinkovitimi in trajnostnimi alternativami (na primer SDO, ali individualne rešitve na OVE). / Uveljavitev pozitivne diskriminacije za dostop do virov za potrošnike z nizkimi dohodki in energetsko revne.;2026;Krepitev obstoječih spodbud 2024 / Začetek veljavnosti pozitivne diskriminacije 2026 / Vzpostavitev dodatnih finančnih instrumentov 2026;
M19.18;Ukrepi NEPN 2024;Vodenje davčne in okoljske politike za podporo opuščanja rabe fosilnih goriv;OH;MF, MzIE;Določanje višine dajatve na emisije CO2 in zneskov trošarin za fosilne vire do leta 2030 za ogrevanje (ELKO, UNP, ZP) z namenom pospešitve prehoda na OVE. Ukrep se izvaja v okviru ukrepov Error! Reference source not found. in Error! Reference source not found..;;;
M19.19;Ukrepi NEPN 2024;Informacijski sistem za zbiranje podatkov o energetskih lastnostih stavb;TPS;MzIE / MJU, MDP;Informacijski sistem je sestavljen iz: / podsistema za izdelavo in izdajo ter vodenje registra energetskih izkaznic, / podsistema za izdelavo in vodenje registra poročil pregledov klimatskih sistemov, / podsistema za upravljanje z energijo v javnem sektorju – energetsko knjigovodstvo, / podsistema za administracijo sistema in upravljanje registrov, / registra neodvisnih strokovnjakov za energetske izkaznice, / registra izdajateljev energetskih izkaznic, / registra neodvisnih strokovnjakov za preglede klimatskih sistemov, / registra izdajateljev poročil klimatskih sistemov, / registra upravljavcev, ki poročajo o energetskem knjigovodstvu. / Informacijski sistem za zbiranje podatkov o energetskih lastnostih stavb se bo v skladu s potrebami evropske in nacionalne zakonodaje razvijal, nadgrajeval in vzdrževal. / Ukrep se uskladi z DSEPS.;2026;Delovanje informacijskega sistema ter povezovanje z ukrepom M16.4b;(Prestavljeno v ukrep M16.4b)
M20.1;Ukrepi NEPN 2024;Projektna pisarna za celovito prenovo stanovanjskih stavb (PP-TPSS);TPS, OH, OVE, DOD;MzIE, MNVP;Zagotovitev ustreznih človeških in finančnih virov za izvajanje nalog pisarne v okviru finančnih instrumentov za celovite prenove stanovanjskih stavb, vključno s pridobitvijo evropskih sredstev (ELENA, garancijski sklad). / To obsega predvsem krepitev obsega in kakovosti priprave projektov celovitih in trajnostnih prenov stavb (ureditev vse na enem mestu) in podporo izvajanju finančnih instrumentov celovite, prenove večstanovanjskih ter eno-/dvodružinskih stavb. / Podrobnosti ureja DSEPS.;2026;Vzpostavljena projektna pisarna / Začetek izvajanja aktivnosti;2024: oblikovanje PP-EPSS, 2024‒2025: vsaj deset zaposlenih in zagotovitev financiranja priprave projektov, 2026: pripravljeni prvi projekti
M20.2;Ukrepi NEPN 2024;Aktivne stavbe;PTE;MzIE;Priprava rešitev in ukrepov za učinkovit nadzor energije na stavbah in učinkovito integracijo obnovljivih virov energije za potrebe prilagajanja proizvodnje in porabe, izboljšanja energetske in stroškovne učinkovitosti sistema ter varnosti oskrbe. / Ukrep se uskladi z zahtevami direktive EPBD. Podrobnosti ureja DSEPS.;2025;Sprejetje zahtev direktive EPBD in priprava spodbud;
M20.3;Ukrepi NEPN 2024;Celovita prenova stanovanj v javni lasti;TPS, OVE, OH;MSP, MzIE, MNVP;Izvedba celostnega popisa stanovanj v javni lasti z vidika kakovosti bivanja, potresne varnosti, energetske učinkovitosti in potencialov ter primernosti za prenovo in energetsko nadgradnjo (umeščanje OVE) stavbnega fonda. Dodatno se pripravi tudi študija prilagajanja stavb na trajnostno mobilnost z načrtom drugačne rabe prostorov za mirujoči promet.;2026;Priprava strokovnih podlag;2026: zaključek naloge in priprava zaključkov za nadaljnje aktivnosti
M20.3;Ukrepi NEPN 2024;Celovita prenova stanovanj v javni lasti;TPS, OVE, OH;MSP, MzIE, MNVP;Priprava strategije celostne prenove javnega stanovanjskega fonda kot posebnega dela Nacionalnega stanovanjskega programa, ki vključuje: / izboljšanje energetske učinkovitosti, / umeščanje OVE na lastnih ali tujih objektih, / preveritev potenciala uveljavljanja energetskih skupnosti, / opredelitev ciljev, časovnice, izvajalske strukture, / predvidevanje ključnih instrumentov za uresničevanje strategije (ključnega pomena je sistem financiranja).;2027;Priprava strategije;Sprejeta strategija
M20.3;Ukrepi NEPN 2024;Celovita prenova stanovanj v javni lasti;TPS, OVE, OH;MSP, MzIE, SSRS, občine, Eko Sklad;Izvajanje strategije, ki vključuje: / stabilno in predvidljivo financiranje celostne prenove, / sodelovanje med deležniki, informiranje, / krepitev zmožnosti lastnikov javnega fonda za celostno prenovo.;2027‒2035;Izvajane strategije;Celostna prenova do leta 2035
M20.4;Ukrepi NEPN 2024;Prenova DSEPS;TPS;MzIE;Sprejetje Dolgoročne strategije za energetsko prenovo stavb do leta 2050, ki bo obravnavala še druge, nove ukrepe, ki se dodatno štejejo tudi k NEPN in izhajajo predvsem iz obveznosti prenovljene Direktive o energetski učinkovitosti stavb. DSEPS se navezuje tudi na druge vidike prenove stavb kot je podnebna odpornost.;2026;Prenos zahtev Direktive o energetski učinkovitosti stavb;2026: prenos zahtev
M20.5;Ukrepi NEPN 2024;Sprejetje akcijskega načrta ukrepov za prenovo javnih stavb;TPS;MzIE, MF, MJU;V okviru NOO je predvidena vzpostavitev akcijskega načrta za prenovo javnih stavb, ki ga potrdi in objavi MzIE in vsebuje vsaj analizo stavbnega fonda, analizo potreb v javnem sektorju in upoštevanje zagotavljanja kontinuitete storitev med prenovo stavb in konkretne korake pri prenovi stavb, vključno z opredelitvijo možnih virov financiranja. (Poleg nosilcev priprave vključeni drugi upravljalci oziroma akterji.) / Ena od teh možnosti je tudi predvidena vzpostavitev sistemskega javnega finančnega vira za financiranje energetskih prenov stavb ožjega (in morda širšega) sektorja država. / Zagotovitev sistemskega finančnega vira se preuči v DSEPS v skladu z ukrepom M19.13.;2025;Akcijski načrt;Sprejet akcijski načrt
N1;Novi ukrepi NPS 2050;Stopnjevanje spodbud glede na izhodiščni energijski razred: višja stopnja nepovratnih sredstev za stanovanjske stavbe v razredih E–G oziroma nad pragom 43 %, vezana na doseženi razred po prenovi (najmanj C), nižja za razrede A–D;TPS, GP, ER;MzIE, Eko sklad;Dopolnitev meril javnih pozivov (Eko sklad, PEKP, Podnebni sklad) s stopnjevanimi deleži sofinanciranja in s pogojem primerjave energetskih izkaznic pred prenovo in po njej (čl. 17(14)(c) EPBD);2027;delež nepovratnih sredstev, dodeljenih stavbam nad pragom 43 %, doseženi razred po prenovi;2027: stopnjevani deleži v vseh pozivih (osnova 30 % priznanih stroškov, +10 o. t. razred E, +20 o. t. razreda F in G, +10 o. t. celovitost, +5 o. t. koraki po izkazu o prenovi, skupaj največ 70 %, Preglednica 26) / 2050: delež površine v razredih F in G 1,5–1,9 % (scenarij ciljanja, poglavje 4.1.1)
N2;Novi ukrepi NPS 2050;Programi prenove območij večstanovanjskih stavb iz obdobja 1946–1980 (soseske, četrti) s skupnim zmanjšanjem primarne energije na ravni programa;TPS, GP, OH;MzIE, projektni pisarni (M19.16, M20.1), občine, upravniki;Priprava in izvedba območnih programov prenove za ciljni fond 11.600 večstanovanjskih stavb z 9,7 mio m² uporabne površine (čl. 17(16) EPBD);2027–2035;število območnih programov, prenovljena površina v programih, zmanjšanje primarne energije na ravni programa;2027: metodologija in prvi program / 2030–2035: ≥ 30 % zmanjšanje primarne energije na ravni vsakega programa, obseg se določi ob posodobitvi NEPN (M20.4)
N3;Novi ukrepi NPS 2050;Aktivno obveščanje lastnikov stavb nad pragom energijske učinkovitosti (register energetskih izkaznic in kataster nepremičnin, svetovanje ENSVET);TPS, MEPS, OSS;MzIE, Eko sklad (ENSVET);Identifikacija stavb nad pragom iz poglavij 4.7.1.1 in 4.7.2.1 ter pisno obvestilo lastnikom s ponudbo svetovanja (M19.8), informacijo o spodbudah in — za nestanovanjske stavbe — rokom po čl. 9(1) EPBD;2027;delež obveščenih lastnikov stavb nad pragom, število svetovanj, ki sledijo obvestilu;2027: obveščeni vsi lastniki stavb nad pragom, evidentirani v registru (100 %) / letno: ponovitev za novo identificirane stavbe
N4;Novi ukrepi NPS 2050;Kazalnik spremljanja ciljanosti prenov: delež letno prenovljene površine, ki odpade na stavbe nad pragom 43 %;TPS;MzIE;Uvedba kazalnika v sistem spremljanja iz poglavja 2 in letno poročanje skupaj s kazalniki stopnje prenove;letno;delež letno prenovljene površine v stavbah nad pragom [%];2030: ≥ 70 % / 2040 in 2050: ohranjanje ≥ 70 % do izpolnitve pravila 55 % (čl. 9(2) EPBD)
N5;Novi ukrepi NPS 2050;Nacionalna metodologija in podatkovna baza za izračun potenciala globalnega segrevanja (GWP) v življenjskem ciklu stavb, vgrajena v energetsko izkaznico;DOD, KG;MzIE, MNVP, ZAG;Priprava metodologije po Prilogi III EPBD in SIST EN 15978, vzpostavitev nacionalne baze okoljskih deklaracij proizvodov (EPD) s privzetimi vrednostmi in nadgradnja programske opreme za izkaznice (M19.19);2027;metodologija sprejeta, število EPD v bazi, delež novih stavb z izračunanim GWP;2027: sprejeta metodologija in vzpostavljena baza EPD / 1. 1. 2028: GWP v izkaznici za nove stavbe nad 1.000 m² / 1. 1. 2030: GWP v izkaznici za vse nove stavbe
N6;Novi ukrepi NPS 2050;Časovni načrt mejnih vrednosti GWP za nove stavbe po letu 2030 z izhodiščnimi vrednostmi po tipologijah;DOD;MzIE, MNVP;Objava in priglasitev časovnega načrta po čl. 7(5) EPBD. Določitev izhodišča na vzorcu najmanj 30 novih stavb z gradbenim dovoljenjem v letih 2026–2027 po metodologiji N5;1. 1. 2027 (načrt), 2028 (izhodišča);objavljen in priglašen časovni načrt, izhodiščne vrednosti GWP [kg CO₂ ekv/(m²·leto), 50-letna referenčna doba];1. 1. 2027: objavljen in EK priglašen časovni načrt / 2028: izhodiščne vrednosti po tipologijah. Ciljne vrednosti za 2030, 2040 in 2050 se določijo v prvi posodobitvi NPS 2050
N7;Novi ukrepi NPS 2050;Merila za nizkoogljične in obnovljive gradbene materiale ter vgrajeni les v spodbudah in javnih naročilih, s poročanjem odvzemov ogljika;DOD, KG, OVE;MzIE, MGTŠ;Vključitev vgradnje lesa in materialov z EPD kot dodatnega merila v javne pozive za celovito energetsko prenovo in kot zahteve v zelenem javnem naročanju (N15). Poročanje shranjenega ogljika kot odvzema po čl. 7(6) EPBD;2027;delež sofinanciranih projektov z materiali z EPD, količina ogljika, shranjenega v vgrajenem lesu;2027: merilo v vseh pozivih za celovito energetsko prenovo / 2028: zahteva v Uredbi o zelenem javnem naročanju / letno: poročanje odvzemov po čl. 7(6)
N8;Novi ukrepi NPS 2050;Pilotni program serijske (industrializirane) prenove večstanovanjskih stavb s predizdelanimi fasadnimi in strešnimi elementi;GP, OVE, DOD;MzIE, projektna pisarna (M20.1);Izbor in prenova 10–20 tipskih stavb iz obdobja 1960–1980 s predizdelanimi elementi z vgrajenimi okni, prezračevanjem in fotonapetostnimi moduli. Merjenje stroškov, časa izvedbe in doseženih prihrankov. Financiranje iz Podnebnega sklada in PEKP;2027–2029;število prenovljenih stavb, stroški [€/m²], trajanje izvedbe [dni], doseženi razred in prihranek;2029: 10–20 stavb prenovljenih do razreda B ali na raven brezemisijske stavbe. Dokumentirani stroški in časi izvedbe kot podlaga za N9
N9;Novi ukrepi NPS 2050;Tipski projekti in katalog rešitev za najpogostejše tipologije stavb, uporabni brez individualnega projektiranja;GP;MzIE, ZAG;Priprava tipskih projektov in tehničnih specifikacij na podlagi pilotov N8, vključno s postopkom digitalnega zajema geometrije stavbe;2029;število tipskih rešitev, število prenov, izvedenih po tipski rešitvi;2029: katalog za najpogostejše tipologije večstanovanjskih stavb in enostanovanjskih hiš iz obdobja 1946–1980
N10;Novi ukrepi NPS 2050;Podpora proizvodnji predizdelanih elementov in usposabljanju izvajalcev za montažo;TO;MGTŠ (v okviru M3.3, M17.1);Sofinanciranje proizvodnih linij za predizdelane lesene fasadne elemente in programov usposabljanja monterjev;2027–2030;letna proizvodna zmogljivost [m² fasadnih elementov/leto], število usposobljenih monterjev;zmogljivost se določi ob posodobitvi NEPN (M20.4), skladno s potrebnim obsegom prenov iz poglavja 4.1 in zmogljivostmi iz poglavja 7.2
N11;Novi ukrepi NPS 2050;Instrument za prenovo oddajanih stanovanj z omejitvijo zvišanja najemnine po prenovi;ER, TPS, GP;MSP, MzIE, Eko sklad;Vzpostavitev nepovratnih sredstev in ugodnih posojil za lastnike oddajanih stanovanj, pogojenih z registrirano najemno pogodbo, doseženim razredom po prenovi in omejitvijo zvišanja najemnine na del prihranka pri stroških energije (čl. 17(19) EPBD). Izhodišče M19.10;2027;število prenovljenih najemnih stanovanj, doseženi razred, sprememba »tople najemnine«;2027: instrument vzpostavljen / od 2027: »topla najemnina« po prenovi nespremenjena ali nižja v vseh sofinanciranih primerih
N12;Novi ukrepi NPS 2050;Ločeno spremljanje zasebnih najemnih stanovanj nad pragom 43 % in preučitev minimalnega energijskega razreda za oddajanje;TPS, ER;MSP, MzIE;Ločeno evidentiranje najemnih stanovanj nad pragom v registru izkaznic. Ob prenovi najemniške zakonodaje preučitev postopne uvedbe minimalnega razreda za oddajanje, povezane z N11;2028;delež zasebnih najemnih stanovanj v prenovah glede na njihov delež v fondu;2028: delež v prenovah sorazmeren deležu v fondu (čl. 9(2) EPBD) / 2030: odločitev o minimalnem razredu za oddajanje (predlog: najmanj razred E)
N13;Novi ukrepi NPS 2050;Zaščitni ukrepi za ranljiva gospodinjstva pri prenovi najemnih stanovanj: pomoč pri najemnini in spremljanje izselitev;ER;MzIE, MDDSZ;Vključitev pomoči pri najemnini za ranljiva gospodinjstva v prenovljenih stanovanjih in spremljanja izselitev po prenovi v Akcijski načrt za zmanjševanje energetske revščine (čl. 17(17) EPBD);2026;število gospodinjstev s pomočjo pri najemnini, število izselitev po prenovi;2026: ukrep vključen v Akcijski načrt (2027–2029) / letno: poročanje o izselitvah po prenovi
N14;Novi ukrepi NPS 2050;Letni seznam najslabših javnih stavb (razred G in nad pragovi minimalnih standardov) s prednostno prenovo;MEPS, GP;MzIE, MJU, upravljavci stavb;Letna priprava in objava seznama iz energetskega knjigovodstva (M19.12), registra izkaznic in katastra, po upravljavcih. Prednostna uvrstitev teh stavb v akcijski načrt M20.5 in razpise M19.14;2026, nato letno;število javnih stavb nad pragovi, delež prenov iz seznama;2030: nobena javna stavba nad 16-odstotnim pragom / 2033: nobena javna stavba nad 26-odstotnim pragom
N15;Novi ukrepi NPS 2050;Dopolnitev Uredbe o zelenem javnem naročanju za stavbe: brezemisijske nove javne stavbe, minimalna raven celovitih energetskih prenov, GWP in zahteve pri najemu;MEPS, GP, DOD;MzIE, MJU;Dopolnitev uredbe z zahtevami: nove javne stavbe brezemisijske od 2028 (čl. 7 EPBD), celovite energetske prenove najmanj razred B ali −60 % primarne energije (čl. 17(16)), izračun GWP (N5), najem prostorov najmanj razred C (čl. 6(5) EED);2027;sprejeta uredba, delež javnih naročil z zahtevami, delež najemov v razredu C ali višjem;2027: sprejeta dopolnjena uredba / 2028: vse nove javne stavbe brezemisijske / od 2028: vse celovite energetske prenove javnih stavb razred B ali −60 % PE
N16;Novi ukrepi NPS 2050;Enotna metodologija za izpolnjevanje obveznosti prenove 3 % površine stavb javnih organov z letnim poročanjem po upravljavcih;MEPS, GP;MzIE, MJU;Priprava enotne metodologije po čl. 6 EED, vezane na seznam N14 in kazalnike iz poglavja 1.1, z letnim poročanjem po ministrstvih, javnih zavodih in občinah;2026;delež letno prenovljene tlorisne površine stavb javnih organov [%];izhodišče 2024: 2,0 % / 2027 in naprej: 3,0 % letno (čl. 6 EED)
N17;Novi ukrepi NPS 2050;Krožnost gradnje in prenove: obvezen predrušitveni pregled, načrt ravnanja z gradbenimi odpadki in pogojevanje spodbud z deležem predelanih materialov;KG, DOD;MzIE, MNVP, ARSO;Uvedba predrušitvenega pregleda in načrta ravnanja z odpadki za rušitve in celovite energetske prenove nad 500 m² po protokolu EU, z ločevanjem in evidenco tokov (beton, opeka, les, kovine, izolacija, azbest) v evidenci ARSO. Pogojevanje spodbud Eko sklada in meril zelenega javnega naročanja (N15) z deležem ponovno uporabljenih ali recikliranih materialov in proizvodi z EPD;2027;delež predelanih gradbenih odpadkov iz prenov. Število predrušitvenih pregledov. Delež javnih prenov z dokumentirano krožnostjo;2028: ≥ 70 % predelave gradbenih odpadkov iz prenov, dokumentirana krožnost pri vseh javnih prenovah
N18;Novi ukrepi NPS 2050;Mreža točk »vse na enem mestu« in enotna digitalna platforma za prenovo stavb;OSS, ER;MzIE, Eko sklad (ENSVET), lokalne energetske agencije, regionalne razvojne agencije;Vzpostavitev mreže s tehničnim, upravnim in finančnim svetovanjem, pomočjo pri izkazu o prenovi, prijavah na spodbude in organizaciji prenov večlastniških stavb ter posebno obravnavo energetsko revnih gospodinjstev (povezava z N3 in N11). Digitalna platforma združi register izkaznic, kataster in spodbude;2027;število točk, število svetovanj, delež svetovanj, ki vodijo v prenovo;2027: najmanj 1 točka na 80.000 prebivalcev, tj. najmanj 12 regionalnih točk s približno 27 lokacijami. Delujoča digitalna platforma
N19;Novi ukrepi NPS 2050;Prenos zahtev za sisteme za avtomatizacijo in nadzor stavb, indikator pripravljenosti na pametne sisteme (SRI) in polnilno infrastrukturo v nacionalne predpise;PTE;MzIE;Prenos čl. 13(9)–(10), 14 in 15 EPBD v ZURE-1 in gradbene predpise. Uvedba prostovoljne ocene SRI najprej za javne stavbe. Povezava z registrom pregledov sistemov (poglavje 9);2026–2029;delež nestanovanjskih stavb nad 70 kW s sistemi za avtomatizacijo in nadzor. Število polnilnih mest v stavbah. Število stavb z oceno SRI;2027: polnilna mesta v obstoječih nestanovanjskih stavbah z več kot 20 parkirnimi mesti / 2029: sistemi za avtomatizacijo in nadzor v vseh nestanovanjskih stavbah nad 70 kW
N20;Novi ukrepi NPS 2050;Stavbe kulturne dediščine: sorazmerne zahteve po kategorijah varstva, skupno dovoljevanje prenove in sončne elektrarne, katalogi združljivih ukrepov in povišane spodbude;MEPS, GP, OVE, DOD;MK, ZVKDS, MzIE, Eko sklad, MKRR;Vgradnja stopnjevanih zahtev po kategorijah varstva v predpis o minimalnih standardih. Obravnava prenove ovoja, zamenjave ogrevalnega sistema in sončne elektrarne kot enega paketa z enim soglasjem ZVKDS. Uveljavitev smernic CRP V5-2358 z uredbo po ZVKD-1 in dopolnitev s katalogi združljivih ukrepov. Povezava registra izkaznic z registrom dediščine;2027;delež varovanih stavb z izkazom o prenovi. Število skupnih soglasij (prenova in sončna elektrarna). Povprečni razred varovanih javnih stavb. Delež izvzetih stavb po čl. 9(6)(b);2027: uredba, katalogi in skupno dovoljevanje / 2040: registrirana stavbna in naselbinska dediščina najmanj razred D / 2050: najmanj razred C, spomeniki izvzeti z obveznostjo enakovrednega izboljšanja
