občina;regija;stavbe;površina [tisoč m²];stanovanjska površina [tisoč m²];nestanovanjska površina [tisoč m²];delež površine pred 1981 [%];Enostanovanjske hiše: stavbe;Večstanovanjske stavbe: stavbe;Pisarne: stavbe;Izobraževanje: stavbe;Zdravstvo: stavbe;Hoteli in gostinstvo: stavbe;Trgovine: stavbe;Šport: stavbe;Drugo: stavbe
Ajdovščina;Goriška;6493;994,9;799,8;195,1;54,8;5816;212;138;37;;34;72;19;162
Ankaran;Obalno-kraška;873;196,7;137,1;59,6;45,2;596;151;30;;;27;11;;49
Apače;Pomurska;1427;165,8;144,3;21,5;50,8;1328;28;15;;;10;;;29
Beltinci;Pomurska;2886;356,6;312,5;44,1;55,6;2707;26;37;10;;24;27;10;44
Benedikt;Podravska;923;122,7;110,3;12,4;32,5;849;33;;;0;;;;11
Bistrica ob Sotli;Posavska;648;65,5;54,7;10,9;67,8;598;10;;;0;;10;;17
Bled;Gorenjska;2920;577,7;402,0;175,7;63,7;2415;203;34;12;;96;26;14;117
Bloke;Primorsko-notranjska;804;93,6;81,3;12,3;55,0;741;16;;;0;;;;23
Bohinj;Gorenjska;2761;375,1;283,8;91,4;63,5;2321;136;65;;;77;28;;122
Borovnica;Osrednjeslovenska;1116;174,2;156,2;18,0;56,1;1010;50;11;;;;;;26
Bovec;Goriška;2024;273,9;196,5;77,4;60,1;1667;106;49;;;57;35;;99
Braslovče;Savinjska;2212;270,8;237,2;33,6;49,5;2070;32;19;;;12;15;11;44
Brda;Goriška;2302;321,7;268,6;53,1;62,5;2057;46;26;;;51;22;;90
Brezovica;Osrednjeslovenska;4092;563,8;501,6;62,2;41,8;3798;128;39;;;27;24;;60
Brežice;Posavska;9909;1362,8;1001,4;361,4;54,1;8813;211;174;21;23;92;113;17;445
Cankova;Pomurska;807;86,8;73,6;13,2;60,0;744;;;;;;;;27
Celje;Savinjska;9831;2525,4;1656,4;868,9;61,2;7983;836;381;61;20;62;225;27;236
Cerklje na Gorenjskem;Gorenjska;2699;448,7;325,1;123,6;43,7;2467;44;48;;;35;22;;67
Cerknica;Primorsko-notranjska;3853;563,9;468,9;94,9;55,4;3475;112;55;20;;24;37;;121
Cerkno;Goriška;1832;236,8;202,1;34,7;64,0;1660;35;31;;;13;16;;64
Cerkvenjak;Podravska;882;99,3;86,5;12,9;43,0;832;10;;;;10;;;
Cirkulane;Podravska;1550;119,1;101,8;17,4;52,3;1500;10;;;0;;;;19
Destrnik;Podravska;1109;111,6;100,5;11,1;40,2;1071;;;;0;;;;14
Divača;Obalno-kraška;1634;244,4;204,3;40,1;56,3;1414;50;49;11;;17;;;78
Dobje;Savinjska;415;41,4;36,0;5,3;55,3;397;;;;0;;;0;
Dobrepolje;Osrednjeslovenska;1480;181,7;158,7;23,0;47,2;1381;32;12;;;;11;;31
Dobrna;Savinjska;792;115,5;84,2;31,4;56,8;711;33;;;;;;;18
Dobrova-Polhov Gradec;Osrednjeslovenska;2694;347,9;309,4;38,5;48,7;2541;48;12;;;15;10;;55
Dobrovnik;Pomurska;627;64,2;53,9;10,3;57,5;565;;;;0;10;;;22
Dol pri Ljubljani;Osrednjeslovenska;1877;277,1;240,8;36,4;39,1;1742;55;20;;0;;;;37
Dolenjske Toplice;Jugovzhodna Slovenija;1517;190,6;153,7;36,9;54,5;1359;28;12;;;22;;;83
Domžale;Osrednjeslovenska;8648;1621,1;1361,3;259,8;48,2;7750;446;167;42;11;46;81;20;85
Dornava;Podravska;1097;133,3;109,5;23,9;47,5;1023;19;;12;;;;;23
Dravograd;Koroška;2560;420,7;331,9;88,8;55,1;2245;123;58;16;;14;24;;71
Duplek;Podravska;2521;313,0;286,3;26,7;45,4;2423;24;14;;;12;12;;23
Gorenja vas-Poljane;Gorenjska;2569;347,3;301,9;45,4;50,1;2397;41;19;11;;19;10;;67
Gorišnica;Podravska;1464;189,3;161,8;27,5;45,7;1373;19;11;;;;10;;34
Gorje;Gorenjska;1048;131,2;119,4;11,9;72,2;962;41;;;0;11;;0;21
Gornja Radgona;Pomurska;3023;448,9;342,0;106,9;53,5;2659;85;78;;;42;51;;90
Gornji Grad;Savinjska;935;127,8;111,6;16,2;66,8;856;16;10;;;;;;30
Gornji Petrovci;Pomurska;1134;114,6;100,5;14,1;64,5;1044;;11;;;;;;43
Grad;Pomurska;941;98,2;84,7;13,5;60,8;876;;;;;13;;;30
Grosuplje;Osrednjeslovenska;5687;865,1;745,8;119,3;40,1;5185;215;92;20;;17;46;10;96
Hajdina;Podravska;1450;179,7;157,0;22,7;48,1;1345;21;28;;;12;11;;25
Hodoš;Pomurska;155;19,0;14,8;4,2;54,0;130;;;;0;;;;13
Horjul;Osrednjeslovenska;984;137,1;113,2;23,9;52,8;912;16;16;;;;;;24
Hoče-Slivnica;Podravska;4358;662,6;517,4;145,2;45,5;3942;132;84;29;;43;56;;59
Hrastnik;Zasavska;2052;350,2;289,2;60,9;66,1;1734;151;47;;;;41;16;47
Hrpelje-Kozina;Obalno-kraška;2135;307,7;244,4;63,3;50,7;1815;79;71;;;37;33;;82
Idrija;Goriška;3212;581,8;450,2;131,6;65,4;2705;226;91;22;;25;36;;94
Ig;Osrednjeslovenska;2705;340,6;295,7;44,9;37,5;2523;59;28;13;;10;10;;60
Ilirska Bistrica;Primorsko-notranjska;5063;731,1;581,2;149,9;67,0;4440;166;98;20;;35;64;;223
Ivančna Gorica;Osrednjeslovenska;6394;763,4;650,6;112,8;44,1;5950;123;51;23;10;34;55;11;137
Izola;Obalno-kraška;3376;798,6;653,8;144,7;50,7;2385;716;89;16;;51;50;;54
Jesenice;Gorenjska;3148;812,1;617,5;194,5;72,3;2393;456;111;15;;28;56;;71
Jezersko;Gorenjska;348;45,4;35,5;10,0;68,1;281;17;;;0;10;;;29
Juršinci;Podravska;1112;110,3;101,5;8,8;39,5;1058;;;;;;;;23
Kamnik;Osrednjeslovenska;7064;1235,0;1012,4;222,5;56,8;6231;357;127;35;;60;68;11;173
Kanal;Goriška;2183;280,3;244,1;36,2;80,6;1944;74;37;;;14;10;;88
Kidričevo;Podravska;2074;309,6;249,0;60,6;49,4;1862;62;40;13;;11;27;13;45
Kobarid;Goriška;2072;237,9;197,9;40,0;77,8;1818;46;31;10;;23;30;;110
Kobilje;Pomurska;240;26,8;23,2;3,6;53,6;219;;;;0;;0;;
Komen;Obalno-kraška;1893;223,1;194,2;28,9;66,6;1716;30;31;;;20;22;;64
Komenda;Osrednjeslovenska;1834;313,8;250,7;63,1;40,6;1653;68;52;;0;10;26;;15
Koper;Obalno-kraška;14529;2696,1;2038,1;658,0;53,4;12368;1168;337;64;12;97;199;30;254
Kostanjevica na Krki;Posavska;1066;123,3;97,9;25,5;59,9;985;14;;;;15;;0;30
Kostel;Jugovzhodna Slovenija;659;55,1;47,1;8,1;59,9;618;;;;0;;;0;23
Kozje;Savinjska;1457;157,4;129,7;27,7;66,1;1331;17;20;;;;22;;49
Kočevje;Jugovzhodna Slovenija;4414;704,1;557,6;146,6;60,6;3726;264;124;26;;39;68;16;147
Kranj;Gorenjska;11281;2547,8;1927,6;620,2;58,1;9644;878;226;64;25;76;134;49;185
Kranjska Gora;Gorenjska;2364;463,5;342,1;121,4;52,3;1828;265;62;;0;79;17;13;95
Križevci;Pomurska;1294;155,8;135,4;20,4;55,3;1193;19;20;;;10;10;;36
Krško;Posavska;8765;1253,2;951,6;301,6;57,6;7934;249;173;38;14;64;99;15;179
Kungota;Podravska;1999;257,4;226,6;30,8;41,3;1870;50;15;;0;24;12;;21
Kuzma;Pomurska;667;72,3;63,5;8,8;49,9;619;;;;0;;;;24
Laško;Savinjska;4750;599,8;475,5;124,4;58,6;4349;138;62;17;;31;28;10;110
Lenart;Podravska;2720;445,9;352,2;93,8;37,7;2417;90;59;20;;23;54;;48
Lendava;Pomurska;4420;558,4;419,5;138,8;59,2;3948;80;117;26;;46;77;21;100
Litija;Zasavska;4639;656,2;554,6;101,6;51,3;4245;149;50;27;;12;44;;99
Ljubljana;Osrednjeslovenska;42312;15959,1;10503,6;5455,5;57,5;32220;6191;1521;438;102;362;643;150;685
Ljubno;Savinjska;1048;133,1;106,3;26,8;64,9;948;12;23;;;10;;;41
Ljutomer;Pomurska;4356;554,3;439,6;114,7;56,5;3907;120;88;17;;42;60;11;107
Log-Dragomer;Osrednjeslovenska;1170;167,4;150,2;17,2;53,4;1088;33;22;;;;;;
Logatec;Osrednjeslovenska;3817;639,1;529,5;109,6;43,8;3390;201;67;22;;17;37;;75
Lovrenc na Pohorju;Podravska;1001;124,9;111,9;13,0;66,1;905;42;11;;;;13;;19
Loška dolina;Primorsko-notranjska;1313;167,4;135,9;31,5;72,1;1178;29;26;;;;;0;57
Loški Potok;Jugovzhodna Slovenija;846;97,8;85,2;12,6;65,3;788;10;;;;;;;31
Lukovica;Osrednjeslovenska;1925;255,3;222,8;32,5;43,4;1796;30;26;;;12;13;;36
Luče;Savinjska;605;71,3;61,9;9,4;67,3;550;14;;;0;11;;0;17
Majšperk;Podravska;1778;183,1;158,7;24,5;46,1;1676;22;12;;;13;;;36
Makole;Podravska;996;90,3;78,1;12,1;53,5;962;;;;;;;;13
Maribor;Podravska;20625;6044,6;4264,7;1779,9;58,5;16345;2168;766;201;74;239;426;77;329
Markovci;Podravska;1449;183,7;158,7;25,0;47,4;1349;17;23;;0;;14;;27
Medvode;Osrednjeslovenska;4937;753,5;664,9;88,6;49,0;4530;177;59;17;;37;32;;77
Mengeš;Osrednjeslovenska;2050;379,3;312,0;67,2;46,1;1821;103;48;;;;24;10;28
Metlika;Jugovzhodna Slovenija;3179;403,3;322,4;80,9;61,4;2902;60;58;;;24;39;;87
Mežica;Koroška;773;148,1;127,4;20,8;66,9;619;93;16;;;;10;;20
Miklavž na Dravskem polju;Podravska;2329;312,0;289,7;22,3;49,1;2209;27;29;;;13;21;;21
Miren-Kostanjevica;Goriška;1880;248,9;215,7;33,2;61,6;1697;45;44;10;;14;16;12;40
Mirna;Jugovzhodna Slovenija;1059;135,7;116,2;19,4;52,0;972;33;15;;;;10;;19
Mirna Peč;Jugovzhodna Slovenija;1282;144,5;122,4;22,1;38,5;1220;11;13;;0;;;;24
Mislinja;Koroška;1556;201,8;166,2;35,6;48,5;1398;59;15;10;;;;;49
Mokronog-Trebelno;Jugovzhodna Slovenija;1441;156,2;137,0;19,2;53,7;1339;24;12;;;;10;;44
Moravske Toplice;Pomurska;3270;430,2;302,0;128,2;45,5;2901;45;15;14;;96;20;12;164
Moravče;Osrednjeslovenska;1850;236,4;210,3;26,1;46,1;1755;19;;;;;21;;35
Mozirje;Savinjska;1502;222,7;174,9;47,8;49,8;1325;44;29;;;19;17;;55
Murska Sobota;Pomurska;5435;1143,7;735,3;408,4;53,4;4611;196;185;34;21;68;143;36;141
Muta;Koroška;1017;154,7;127,0;27,7;48,3;876;49;32;;0;12;10;;27
Naklo;Gorenjska;1661;267,4;208,6;58,8;47,9;1503;34;42;12;;13;14;;38
Nazarje;Savinjska;854;131,0;99,3;31,6;59,3;757;24;19;;;;;;33
Nova Gorica;Goriška;8304;1711,0;1233,3;477,7;59,8;7163;374;242;58;15;73;133;22;224
Novo mesto;Jugovzhodna Slovenija;10134;1963,3;1350,3;613,1;51,4;8903;469;231;70;22;91;121;21;206
Odranci;Pomurska;547;78,3;65,2;13,1;54,4;505;;;;;;;;10
Oplotnica;Podravska;1453;164,7;147,3;17,4;49,3;1368;29;;;0;;;;26
Ormož;Podravska;4933;581,2;462,3;118,9;54,5;4507;88;85;15;11;49;56;12;110
Osilnica;Jugovzhodna Slovenija;253;27,1;20,2;7,0;60,6;231;;;0;0;;0;;10
Pesnica;Podravska;2912;384,8;329,9;54,9;45,3;2717;53;44;;;17;27;;35
Piran;Obalno-kraška;5434;1198,6;828,0;370,6;65,0;3975;959;94;27;;133;55;15;170
Pivka;Primorsko-notranjska;2173;338,5;271,0;67,5;59,8;1931;72;35;;;17;22;;88
Podlehnik;Podravska;1127;98,6;79,7;18,9;45,3;1077;;12;;;;;;10
Podvelka;Koroška;861;107,5;89,0;18,5;63,9;739;37;15;;;;10;;47
Podčetrtek;Savinjska;1895;243,6;168,0;75,6;50,2;1678;44;14;;0;27;47;;77
Poljčane;Podravska;1628;196,5;173,1;23,4;57,3;1503;44;24;;;;13;;27
Polzela;Savinjska;2181;305,9;255,7;50,1;43,7;2006;44;31;;;10;16;11;52
Postojna;Primorsko-notranjska;3905;872,7;623,8;248,9;54,5;3157;329;112;23;;50;66;;158
Prebold;Savinjska;1542;220,5;184,8;35,7;55,6;1402;54;27;;;;13;;33
Preddvor;Gorenjska;1311;183,9;160,5;23,4;51,3;1212;25;16;;;14;;0;35
Prevalje;Koroška;1654;308,5;248,4;60,1;56,7;1388;132;29;;;22;31;;37
Ptuj;Podravska;6892;1292,7;937,2;355,5;54,9;5918;346;187;47;26;72;114;22;160
Puconci;Pomurska;2639;289,1;238,9;50,1;53,1;2452;13;32;;;29;16;12;75
Radenci;Pomurska;1959;280,5;214,5;66,1;56,8;1792;57;20;;;22;16;10;31
Radeče;Posavska;1488;191,4;154,1;37,4;65,0;1338;51;20;;;10;18;;41
Radlje ob Dravi;Koroška;1816;291,7;233,9;57,8;55,3;1578;91;40;;;13;28;;50
Radovljica;Gorenjska;5182;933,3;740,4;192,9;58,2;4467;317;95;32;;63;74;;122
Ravne na Koroškem;Koroška;2262;526,6;395,4;131,2;58,8;1811;218;91;14;;31;27;;63
Razkrižje;Pomurska;495;48,2;42,9;5,2;60,9;464;;10;0;;;;0;10
Rače-Fram;Podravska;2972;395,0;346,1;49,0;40,5;2783;51;35;12;;10;31;;39
Renče-Vogrsko;Goriška;1554;207,0;180,9;26,0;59,1;1435;34;29;;;;13;;24
Rečica ob Savinji;Savinjska;825;100,9;89,6;11,4;55,3;762;;;;;11;;;30
Ribnica;Jugovzhodna Slovenija;2975;448,0;365,1;82,9;57,0;2658;81;76;11;;26;42;;76
Ribnica na Pohorju;Koroška;503;62,7;50,9;11,7;58,2;436;19;;;0;;;0;30
Rogatec;Savinjska;1038;126,2;104,1;22,1;60,5;917;41;12;;0;;10;;49
Rogaška Slatina;Savinjska;3800;602,7;434,1;168,6;52,5;3405;132;58;17;;59;56;;63
Rogašovci;Pomurska;1287;149,2;126,9;22,3;52,7;1181;;12;;;16;;;51
Ruše;Podravska;1950;326,8;267,7;59,1;54,3;1672;134;56;14;;21;19;;27
Selnica ob Dravi;Podravska;1612;204,9;177,4;27,5;55,2;1496;34;18;;;10;16;;28
Semič;Jugovzhodna Slovenija;1752;187,4;162,7;24,7;55,7;1613;27;18;;;;10;;68
Sevnica;Posavska;6738;817,5;685,5;132,0;53,5;6251;137;73;22;;31;57;;155
Sežana;Obalno-kraška;4594;802,1;605,4;196,7;57,7;3942;171;177;20;;58;75;14;131
Slovenj Gradec;Koroška;4719;870,8;659,4;211,4;51,8;4174;205;90;27;13;29;53;11;117
Slovenska Bistrica;Podravska;9044;1231,9;1000,8;231,1;46,3;8239;255;150;34;12;74;97;17;166
Slovenske Konjice;Savinjska;4783;671,1;556,2;114,8;48,0;4308;164;106;18;;29;81;;62
Sodražica;Jugovzhodna Slovenija;937;118,0;102,0;16,1;63,3;878;10;14;;;;;;20
Solčava;Savinjska;270;41,2;27,5;13,8;52,9;215;;;;0;;;;26
Središče ob Dravi;Podravska;789;89,7;76,6;13,2;66,3;733;;19;;0;;;;16
Starše;Podravska;1506;193,3;174,3;19,0;50,4;1418;18;10;;0;;11;;24
Straža;Jugovzhodna Slovenija;1314;163,8;146,5;17,3;56,1;1220;34;23;;0;;10;0;20
Sveta Ana;Podravska;894;116,0;104,2;11,8;42,3;842;14;;;0;11;;;11
Sveta Trojica v Slovenskih goricah;Podravska;886;111,0;103,5;7,5;46,3;848;10;;;0;;;;
Sveti Andraž v Slov. goricah;Podravska;450;48,2;42,4;5,8;47,3;431;;;;0;;;0;12
Sveti Jurij ob Ščavnici;Pomurska;1357;133,6;113,6;20,0;49,6;1246;;16;;;;18;;53
Sveti Jurij v Slovenskih goricah;Podravska;841;102,3;94,8;7,5;41,2;806;;;;0;;;;12
Sveti Tomaž;Podravska;908;88,5;81,0;7,5;51,5;875;;;;;;;;12
Tabor;Savinjska;695;78,5;72,0;6,6;44,9;658;;;;0;;;;15
Tišina;Pomurska;1436;166,3;149,4;16,9;62,5;1352;;13;;;;11;;28
Tolmin;Goriška;4446;624,4;498,3;126,1;75,5;3934;163;72;18;;47;49;;156
Trbovlje;Zasavska;2781;662,2;519,6;142,6;70,2;2128;376;86;20;;18;74;12;60
Trebnje;Jugovzhodna Slovenija;4845;632,4;536,0;96,4;42,4;4443;126;72;13;;24;48;;115
Trnovska vas;Podravska;527;54,3;48,0;6,3;37,3;502;;;;;;;;12
Trzin;Osrednjeslovenska;1199;265,0;158,4;106,7;27,5;947;61;110;;0;;42;;26
Tržič;Gorenjska;3551;596,7;506,9;89,8;65,1;3001;295;53;11;;17;64;;100
Turnišče;Pomurska;1118;137,7;120,6;17,1;57,7;1043;14;11;;;;;;24
Velenje;Savinjska;5028;1371,3;1023,9;347,4;54,7;4370;305;107;37;;35;58;17;93
Velika Polana;Pomurska;543;68,9;59,8;9,2;51,4;507;;;;0;;;0;20
Velike Lašče;Osrednjeslovenska;1988;219,6;196,5;23,1;49,7;1884;15;;;;;22;0;42
Veržej;Pomurska;553;76,4;59,6;16,8;51,8;494;12;;;0;13;;;15
Videm;Podravska;2653;242,3;217,9;24,5;46,1;2554;21;19;;;;10;;33
Vipava;Goriška;2048;330,3;251,5;78,8;57,9;1804;68;44;;;14;22;;80
Vitanje;Savinjska;792;93,4;81,0;12,4;54,0;722;19;;;;;;;27
Vodice;Osrednjeslovenska;1662;239,7;218,7;21,1;41,4;1572;19;17;;0;;;;31
Vojnik;Savinjska;3418;425,0;355,1;69,8;48,4;3214;65;36;10;;;21;;51
Vransko;Savinjska;972;129,8;105,6;24,2;52,4;873;27;14;;;;;;36
Vrhnika;Osrednjeslovenska;4658;758,1;628,5;129,6;50,6;4111;217;77;14;;28;58;;138
Vuzenica;Koroška;859;118,6;102,0;16,6;64,3;773;31;13;;;;;;24
Zagorje ob Savi;Zasavska;4086;672,9;554,7;118,2;63,9;3612;192;72;21;;24;45;11;108
Zavrč;Podravska;840;67,6;56,7;10,8;52,3;808;;;;0;;;;11
Zreče;Savinjska;2149;323,7;241,4;82,3;44,8;1886;72;48;12;;29;20;;74
Črenšovci;Pomurska;1519;188,0;165,4;22,6;55,5;1427;12;15;;;12;;;35
Črna na Koroškem;Koroška;877;143,4;120,4;23,0;65,7;655;107;26;;;10;11;;56
Črnomelj;Jugovzhodna Slovenija;5487;687,9;558,9;129,0;57,5;4962;127;77;25;;53;79;;153
Šalovci;Pomurska;794;78,0;67,7;10,3;70,1;730;;;;0;;;;28
Šempeter-Vrtojba;Goriška;1885;398,5;247,7;150,7;53,4;1600;94;86;10;;13;44;;27
Šentilj;Podravska;2924;411,4;345,4;66,1;47,7;2703;72;43;10;;19;35;10;29
Šentjernej;Jugovzhodna Slovenija;2673;327,3;275,2;52,1;48,5;2489;32;36;;;15;22;;68
Šentjur;Savinjska;7336;823,3;703,3;120,0;51,3;6895;99;79;20;;37;55;;135
Šentrupert;Jugovzhodna Slovenija;1223;143,7;113,2;30,5;51,2;1106;17;21;;0;;;0;69
Šenčur;Gorenjska;2600;424,6;339,6;85,0;42,1;2389;71;45;;;20;21;;38
Škocjan;Jugovzhodna Slovenija;1491;155,0;134,5;20,5;51,9;1403;13;;;0;;12;0;49
Škofja Loka;Gorenjska;5501;1031,7;827,1;204,6;56,1;4829;270;112;34;;49;61;13;126
Škofljica;Osrednjeslovenska;3154;494,8;436,5;58,4;31,1;2894;150;29;10;;12;19;;37
Šmarje pri Jelšah;Savinjska;4221;473,4;404,4;69,0;57,5;3975;63;38;;;10;41;;75
Šmarješke Toplice;Jugovzhodna Slovenija;1530;174,7;148,6;26,2;39,9;1444;21;;;;;;;35
Šmartno ob Paki;Savinjska;1194;144,0;128,5;15,5;50,6;1118;16;13;;0;;;;34
Šmartno pri Litiji;Osrednjeslovenska;1964;217,4;193,0;24,4;51,7;1832;49;11;;0;;12;;43
Šoštanj;Savinjska;2384;414,8;313,2;101,6;53,2;2117;108;39;;;22;12;11;62
Štore;Savinjska;1169;166,0;139,7;26,3;60,3;1041;65;24;;0;;;;21
Žalec;Savinjska;6760;1014,7;794,9;219,7;57,1;5979;269;196;23;;44;88;11;144
Železniki;Gorenjska;1869;280,8;241,0;39,8;58,0;1687;49;32;;;22;;;56
Žetale;Podravska;605;53,7;46,9;6,8;44,2;576;;;;0;0;;;12
Žiri;Gorenjska;1564;233,4;195,0;38,5;59,3;1446;38;28;;;;;;23
Žirovnica;Gorenjska;1485;211,2;187,0;24,2;58,4;1351;53;21;;0;12;;;36
Žužemberk;Jugovzhodna Slovenija;2223;231,8;200,7;31,1;54,4;2084;20;12;;;17;13;;65
