regija;stavbe;površina [tisoč m²];stanovanjska površina [tisoč m²];nestanovanjska površina [tisoč m²];delež površine pred 1981 [%];Enostanovanjske hiše: stavbe;Večstanovanjske stavbe: stavbe;Pisarne: stavbe;Izobraževanje: stavbe;Zdravstvo: stavbe;Hoteli in gostinstvo: stavbe;Trgovine: stavbe;Šport: stavbe;Drugo: stavbe
Pomurska;44929;5989,7;4669,5;1320,2;54,9;40644;796;754;187;62;515;537;177;1257
Podravska;99783;16448,0;12934,9;3513,1;52,0;89387;3981;1868;516;165;794;1190;262;1620
Koroška;19457;3355,1;2651,8;703,3;55,9;16692;1164;428;110;33;163;220;56;591
Savinjska;76853;12166,2;9356,1;2810,0;55,3;68818;2773;1446;322;93;535;891;175;1800
Zasavska;13558;2341,4;1918,0;423,3;62,5;11719;868;255;75;13;62;204;48;314
Posavska;28614;3813,8;2945,1;868,7;56,1;25919;672;454;93;44;216;306;43;867
Jugovzhodna Slovenija;51234;7147,9;5655,4;1492,5;53,3;46358;1412;850;194;53;370;517;68;1412
Osrednjeslovenska;117261;27405,6;20221,3;7184,3;52,7;100516;8862;2628;712;163;756;1292;271;2061
Gorenjska;53862;9912,0;7760,8;2151,2;58,0;46593;3233;1023;240;67;647;558;153;1348
Primorsko-notranjska;17111;2767,1;2162,0;605,1;59,7;14922;724;335;75;17;143;200;25;670
Goriška;40235;6447,3;4986,8;1460,5;62,5;35300;1523;920;206;47;384;498;99;1258
Obalno-kraška;34468;6467,3;4905,4;1561,9;55,9;28211;3324;878;154;37;440;454;88;882
